OBJECT API NAME,OBJECT LABEL,OBJECT PREFIX,No. Fields,,,,,,,,,,,,,,,,,,,,,,,,,,,,,,,,,
Account,Account,001,265,,,,,,,,,,,,,,,,,,,,,,,,,,,,,Layouts (5),,,,
Field API Name,Field Label,Type(SOAP),Data Type,Description,Is Custom,Is External ID,Is Unique,Is Defaulted,Is Formula,Is Required on Create,Is Dependent Picklist,Is Restricted Picklist,Is Case Sensitive,Is Indexed,Is History Tracked,Business Status,Business Owner,Security Clasification,Length,Precision,Scale,Formula Text,Help Text,Default Value,Default Value Formula,Relationship Name,Id,Created By,Created On,Last Modified By,Last Modified On,Account Layout,Distributor,VCP,VCP - Finance,VCP - MASTER
Account_Inactive_Details__c,Account Inactive - Details,TEXTAREA,Long Text Area(4096),,TRUE,FALSE,FALSE,FALSE,FALSE,FALSE,FALSE,FALSE,FALSE,FALSE,FALSE,,,,4096,0,0,,"Please provide any additional details related to deactivating this Account and any details related to store closure, signage, etc.",,,,00N1H00000GxGCtUAN,Joanne Stamper,2018-09-25 18:20:58,Stephanie Thacker,2024-02-21 16:13:29,Additional Account Information (Edit),Additional Account Information (Edit),Account Information (Edit),Account Information (Edit),Account Information (Edit)
Account_Inactive_Reasons__c,Account Inactive Reasons,PICKLIST,Picklist,Picklist field holds the primary picklist value when marking an Account as in-active.,TRUE,FALSE,FALSE,FALSE,FALSE,FALSE,FALSE,TRUE,FALSE,FALSE,FALSE,,,,255,0,0,,"Please provide reason for making an Account ""In-active""",,,,00N1H00000GxGATUA3,Joanne Stamper,2018-09-25 18:00:23,Joanne Stamper,2018-09-25 18:00:23,Additional Account Information (Edit),Additional Account Information (Edit),Account Information (Edit),Account Information (Edit),Account Information (Edit)
Account_Sold_By__c,Account Sold By,STRING,Text(100),,TRUE,FALSE,FALSE,FALSE,FALSE,FALSE,FALSE,FALSE,FALSE,FALSE,FALSE,,,,100,0,0,,Name of sales specialist who originally recruited the account.,,,,00N1H00000HAWV7UAP,Chris Sirosky,2020-01-20 17:19:21,Chris Sirosky,2020-01-20 17:19:21,Account Information (Edit),,Account Information (Edit),Account Information (Edit),Account Information (Edit)
AccountNumber,Account Number,STRING,Text(40),,FALSE,FALSE,FALSE,FALSE,FALSE,FALSE,FALSE,FALSE,FALSE,FALSE,FALSE,,,,40,0,0,,,,,,,,,,,Account Information (Edit),Account Information (Edit),Account Information (Edit),Account Information (Edit),Account Information (Edit)
AccountSource,Account Source,PICKLIST,Picklist,,FALSE,FALSE,FALSE,FALSE,FALSE,FALSE,FALSE,FALSE,FALSE,FALSE,FALSE,,,,255,0,0,,Original lead source,,,,,,,,,Account Information (Required),Account Information (Required),Account Information (Required),Account Information (Required),Account Information (Required)
Agree_to_DCE__c,Agree to DCE?,PICKLIST,Picklist,,TRUE,FALSE,FALSE,FALSE,FALSE,FALSE,FALSE,TRUE,FALSE,FALSE,FALSE,,,,255,0,0,,Does the customer agree to DCE?,,,,00N5c00000IdosKEAR,Stephanie Thacker,2022-03-08 13:26:42,Stephanie Thacker,2022-03-08 13:26:42,Account Information (Edit),Account Information (Edit),Digital Consumer Experience (Edit),Digital Consumer Experience (Edit),Digital Consumer Experience (Edit)
Agree_to_Hot_Fresh_Rewards__c,Agree to Hot Fresh Rewards?,PICKLIST,Picklist,Do you want to sign up for Hot Fresh Rewards?,TRUE,FALSE,FALSE,FALSE,FALSE,FALSE,FALSE,TRUE,FALSE,FALSE,FALSE,,,,255,0,0,,Do you want to sign up for Hot Fresh Rewards?,,,,00N1H00000HMRxDUAX,Stephanie Thacker,2021-06-15 15:50:14,Stephanie Thacker,2021-06-15 15:50:14,Account Information (Edit),Account Information (Edit),,,
Annual_Inside_Sales_less_Gas__c,Annual Inside Sales Less Gas,CURRENCY,"Currency(18, 0)",,TRUE,FALSE,FALSE,FALSE,FALSE,FALSE,FALSE,FALSE,FALSE,FALSE,FALSE,,,,0,18,0,,Average amount ($) of inside ticket transactions,,,,00N1H00000GwsTKUAZ,Ankit Bahti,2018-09-07 09:35:40,Chris Sirosky,2018-09-20 15:03:55,General Store Information (Required),,General Store Information (Required),General Store Information (Required),General Store Information (Required)
AnnualRevenue,Annual Revenue,CURRENCY,"Currency(18, 0)",,FALSE,FALSE,FALSE,FALSE,FALSE,FALSE,FALSE,FALSE,FALSE,FALSE,FALSE,,,,0,18,0,,,,,,,,,,,Account Information (Edit),,,,
Are_the_wings_fried_or_baked__c,Are the wings fried or baked?,PICKLIST,Picklist,,TRUE,FALSE,FALSE,FALSE,FALSE,FALSE,FALSE,FALSE,FALSE,FALSE,FALSE,,,,255,0,0,,Are the wings fried or baked?,,,,00N1H00000GwwiyUAB,Ankit Bahti,2018-09-11 09:04:35,Ankit Bahti,2018-09-17 11:05:22,Chicken Wing Information (Edit),,Chicken Wing Information (Edit),Chicken Wing Information (Edit),Chicken Wing Information (Edit)
Assigned_Service_Territory__c,Assigned Service Territory,LOOKUP (ServiceTerritory),Lookup(Service Territory),Denotes the service territory that this VCP has been assigned to. Used for FSL routing.,TRUE,FALSE,FALSE,FALSE,FALSE,FALSE,FALSE,FALSE,FALSE,TRUE,FALSE,,,,18,0,0,,Enter the service territory that this VCP has been assigned to.,,,Assigned_Service_Territory__r,00NUr000000bBkUMAU,Mark McCarthy,2024-07-23 03:07:57,Mark McCarthy,2024-07-23 03:07:57,,,,,Address Information (Edit)
At_Risk__c,At Risk?,PICKLIST,Picklist,is this account at risk?,TRUE,FALSE,FALSE,FALSE,FALSE,FALSE,FALSE,TRUE,FALSE,FALSE,FALSE,,,,255,0,0,,,,,,00N1H00000HBB1sUAH,Stephanie Thacker,2020-12-09 14:14:26,Stephanie Thacker,2020-12-09 14:14:26,Account Information (Edit),Account Information (Edit),Account Information (Edit),Account Information (Edit),Account Information (Edit)
At_Risk_Action_Plan__c,At Risk Action Plan,PICKLIST,Picklist,Action Plan Details,TRUE,FALSE,FALSE,FALSE,FALSE,FALSE,FALSE,TRUE,FALSE,FALSE,FALSE,,,,255,0,0,,,,,,00N1H00000HBE5rUAH,Stephanie Thacker,2021-01-11 16:34:24,Stephanie Thacker,2021-01-11 16:37:13,Account Information (Edit),Account Information (Edit),Account Information (Edit),Account Information (Edit),Account Information (Edit)
At_Risk_Action_Plan_Details__c,At Risk Action Plan Details,TEXTAREA,Text Area(255),"If they choose ""other"", please enter details.",TRUE,FALSE,FALSE,FALSE,FALSE,FALSE,FALSE,FALSE,FALSE,FALSE,FALSE,,,,255,0,0,,"If you choose ""other"" under Action Plan, please enter the details.",,,,00N1H00000HBE5wUAH,Stephanie Thacker,2021-01-11 16:36:11,Stephanie Thacker,2021-01-11 16:37:57,Account Information (Edit),Account Information (Edit),Account Information (Edit),Account Information (Edit),Account Information (Edit)
At_Risk_Details__c,At Risk - Details,TEXTAREA,Long Text Area(32768),Explain additional details,TRUE,FALSE,FALSE,FALSE,FALSE,FALSE,FALSE,FALSE,FALSE,FALSE,FALSE,,,,32768,0,0,,,,,,00N1H00000HBB22UAH,Stephanie Thacker,2020-12-09 15:20:44,Stephanie Thacker,2020-12-09 15:20:44,Account Information (Edit),Account Information (Edit),Account Information (Edit),Account Information (Edit),Account Information (Edit)
At_Risk_Reason__c,At Risk Reason,PICKLIST,Picklist,reason account is at risk,TRUE,FALSE,FALSE,FALSE,FALSE,FALSE,FALSE,TRUE,FALSE,FALSE,FALSE,,,,255,0,0,,,,,,00N1H00000HBB1xUAH,Stephanie Thacker,2020-12-09 14:18:14,Stephanie Thacker,2020-12-09 14:18:14,Account Information (Edit),Account Information (Edit),Account Information (Edit),Account Information (Edit),Account Information (Edit)
Average_Inside_Ticket_Transactions__c,Average Inside Ticket Transactions,DOUBLE,Formula (Number),,TRUE,FALSE,FALSE,FALSE,TRUE,FALSE,FALSE,FALSE,FALSE,FALSE,FALSE,,,,0,18,2,"Annual_Inside_Sales_less_Gas__c /( Daily_Store_Foot_Traffic_Count__c  * ((IF(INCLUDES( Days_of_Operation__c  , ""Monday""), 1,0) + 
IF(INCLUDES( Days_of_Operation__c, ""Tuesday""), 1,0) + 
IF(INCLUDES( Days_of_Operation__c, ""Wednesday""), 1,0) + 
IF(INCLUDES( Days_of_Operation__c, ""Thursday""), 1,0) + 
IF(INCLUDES( Days_of_Operation__c, ""Friday""), 1,0) + 
IF(INCLUDES( Days_of_Operation__c, ""Saturday""), 1,0)+
IF(INCLUDES( Days_of_Operation__c, ""Sunday""), 1,0)) * 52))",Average amount ($) of inside ticket transactions,,,,00N1H00000GwsTUUAZ,Ankit Bahti,2018-09-07 09:53:35,Ankit Bahti,2018-09-14 07:09:19,General Store Information (Readonly),,General Store Information (Readonly),General Store Information (Readonly),General Store Information (Readonly)
Babysit__c,Babysit,BOOLEAN,Checkbox,For DCE customers that need extra help,TRUE,FALSE,FALSE,TRUE,FALSE,FALSE,FALSE,FALSE,FALSE,FALSE,FALSE,,,,0,0,0,,,false,,,00N5c00000JrJC3EAN,Stephanie Thacker,2023-10-23 16:31:19,Stephanie Thacker,2023-10-23 16:31:19,Account Information (Edit),Account Information (Edit),Digital Consumer Experience (Edit),Digital Consumer Experience (Edit),Digital Consumer Experience (Edit)
Back_Office_System__c,Back Office System,PICKLIST,Picklist,Does the customer have a system in the back office?,TRUE,FALSE,FALSE,FALSE,FALSE,FALSE,FALSE,TRUE,FALSE,FALSE,FALSE,,,,255,0,0,,Does the customer have a system in the back office?,,,,00N1H00000HMRcKUAX,Stephanie Thacker,2021-06-07 16:49:55,Stephanie Thacker,2021-06-07 16:49:55,Account Information (Edit),Account Information (Edit),,,
Bank_Branch_Name__c,Bank Branch Name,STRING,Text(100),,TRUE,FALSE,FALSE,FALSE,FALSE,FALSE,FALSE,FALSE,FALSE,FALSE,FALSE,,,,100,0,0,,Name of bank branch related to account.,,,,00N1H00000HAWUxUAP,Chris Sirosky,2020-01-20 17:14:19,Chris Sirosky,2020-01-20 17:14:19,Account Information (Edit),,Account Information (Edit),Account Information (Edit),Account Information (Edit)
BillingAddress,Physical Address,ADDRESS,Address,,FALSE,FALSE,FALSE,FALSE,FALSE,FALSE,FALSE,FALSE,FALSE,FALSE,FALSE,,,,0,0,0,,,,,,,,,,,Address Information (Edit),Address Information (Edit),Address Information (Edit),Address Information (Edit),Address Information (Edit)
BillingCity,Physical Address - City,STRING,,,FALSE,FALSE,FALSE,FALSE,FALSE,FALSE,FALSE,FALSE,FALSE,FALSE,FALSE,,,,40,0,0,,,,,,,,,,,,,,,
BillingCountry,Physical Address - Country,STRING,,,FALSE,FALSE,FALSE,FALSE,FALSE,FALSE,FALSE,FALSE,FALSE,FALSE,FALSE,,,,80,0,0,,,,,,,,,,,,,,,
BillingCountryCode,Physical Address - Country Code,PICKLIST,,,FALSE,FALSE,FALSE,TRUE,FALSE,FALSE,FALSE,TRUE,FALSE,FALSE,FALSE,,,,10,0,0,,,US,,,,,,,,,,,,
BillingGeocodeAccuracy,Billing Geocode Accuracy,PICKLIST,,,FALSE,FALSE,FALSE,FALSE,FALSE,FALSE,FALSE,TRUE,FALSE,FALSE,FALSE,,,,40,0,0,,,,,,,,,,,,,,,
BillingLatitude,Physical Latitude,DOUBLE,,,FALSE,FALSE,FALSE,FALSE,FALSE,FALSE,FALSE,FALSE,FALSE,FALSE,FALSE,,,,0,18,15,,,,,,,,,,,,,,,
BillingLongitude,Physical Longitude,DOUBLE,,,FALSE,FALSE,FALSE,FALSE,FALSE,FALSE,FALSE,FALSE,FALSE,FALSE,FALSE,,,,0,18,15,,,,,,,,,,,,,,,
BillingPostalCode,Physical Address -  Zip/Postal Code,STRING,,,FALSE,FALSE,FALSE,FALSE,FALSE,FALSE,FALSE,FALSE,FALSE,FALSE,FALSE,,,,20,0,0,,,,,,,,,,,,,,,
BillingState,Physical Address - State/Province,STRING,,,FALSE,FALSE,FALSE,FALSE,FALSE,FALSE,FALSE,FALSE,FALSE,FALSE,FALSE,,,,80,0,0,,,,,,,,,,,,,,,
BillingStateCode,Physical Address - State/Province Code,PICKLIST,,,FALSE,FALSE,FALSE,FALSE,FALSE,FALSE,TRUE,TRUE,FALSE,FALSE,FALSE,,,,10,0,0,,,,,,,,,,,,,,,
BillingStreet,Physical Address - Street,TEXTAREA,,,FALSE,FALSE,FALSE,FALSE,FALSE,FALSE,FALSE,FALSE,FALSE,FALSE,FALSE,,,,255,0,0,,,,,,,,,,,,,,,
Brand_of_Gas__c,Brand of Gas,PICKLIST,Picklist,,TRUE,FALSE,FALSE,FALSE,FALSE,FALSE,FALSE,FALSE,FALSE,FALSE,FALSE,,,,255,0,0,,Brand of gasoline sold by the store,,,,00N1H00000GwsRdUAJ,Ankit Bahti,2018-09-07 08:29:26,Chris Sirosky,2018-09-18 17:03:44,General Store Information (Required),,General Store Information (Edit),General Store Information (Edit),General Store Information (Edit)
Business_Type__c,Business Type,PICKLIST,Picklist,,TRUE,FALSE,FALSE,FALSE,FALSE,FALSE,FALSE,TRUE,FALSE,FALSE,FALSE,,,,255,0,0,,PWL definition of store business type,,,,00N1H00000GwregUAB,Ankit Bahti,2018-09-06 12:43:17,Ankit Bahti,2018-09-17 11:09:01,Additional Account Information (Required),,Additional Account Information (Required),Additional Account Information (Required),Additional Account Information (Required)
Campaign__c,Campaign,LOOKUP (Campaign),Lookup(Campaign),Name of campaign associated to the account,TRUE,FALSE,FALSE,FALSE,FALSE,FALSE,FALSE,FALSE,FALSE,TRUE,FALSE,,,,18,0,0,,Name of campaign associated to this account,,,Campaign__r,00N1H00000GwySAUAZ,Joanne Stamper,2018-09-12 22:09:44,Joanne Stamper,2018-09-12 22:09:44,Account Information (Edit),Account Information (Edit),Account Information (Edit),Account Information (Edit),Account Information (Edit)
Company_Number__c,Company Number,STRING,Text(40),,TRUE,FALSE,FALSE,FALSE,FALSE,FALSE,FALSE,FALSE,FALSE,FALSE,FALSE,,,,40,0,0,,Company number for account within Great Plains,,,,00N1H00000HAWVHUA5,Chris Sirosky,2020-01-20 17:23:14,Chris Sirosky,2020-01-20 17:23:14,Account Information (Edit),,Account Information (Edit),Account Information (Edit),Account Information (Edit)
Compliance_Reasons__c,Non-Compliance Reasons,PICKLIST,Picklist,Dependent picklist for compliance Account Inactive reasons.,TRUE,FALSE,FALSE,FALSE,FALSE,FALSE,TRUE,TRUE,FALSE,FALSE,FALSE,,,,255,0,0,,Please provide specific non-compliance reason.,,,,00N1H00000GxGAdUAN,Joanne Stamper,2018-09-25 18:02:19,Joanne Stamper,2018-09-25 18:46:06,Additional Account Information (Edit),Additional Account Information (Edit),Additional Account Information (Edit),Additional Account Information (Edit),Additional Account Information (Edit)
Contact__c,Contact,LOOKUP (Contact),Lookup(Contact),Name of reference contact,TRUE,FALSE,FALSE,FALSE,FALSE,FALSE,FALSE,FALSE,FALSE,TRUE,FALSE,,,,18,0,0,,Name of reference contact,,,Contact__r,00N1H00000GwsQaUAJ,Ankit Bahti,2018-09-07 06:58:53,Ankit Bahti,2018-09-07 06:58:53,,,,,
Contractual_Contact__c,Contractual Contact,LOOKUP (Contact),Lookup(Contact),Name of employee who's responsible for contractual relationships.,TRUE,FALSE,FALSE,FALSE,FALSE,FALSE,FALSE,FALSE,FALSE,TRUE,FALSE,,,,18,0,0,,"Name of employee who's responsible for contractual relationships.  This will be the name automatically used for digital signatures, unless updated on the Opportunity.",,,Contractual_Contact__r,00N1H00000GxIwLUAV,Chris Sirosky,2018-09-28 13:59:42,Chris Sirosky,2018-09-28 13:59:42,Account Information (Edit),Account Information (Edit),Account Information (Edit),Account Information (Edit),Account Information (Edit)
Contractual_Contact_Email__c,Contractual Contact Email,STRING,Formula (Text),HIDDEN.  Contractual Contact's Email Address.,TRUE,FALSE,FALSE,FALSE,TRUE,FALSE,FALSE,FALSE,FALSE,FALSE,FALSE,,,,1300,0,0,Contractual_Contact__r.Email,,,,,00N1H00000Gy13jUAB,Chris Sirosky,2018-11-01 22:44:46,Chris Sirosky,2018-11-01 22:46:50,Account Information (Readonly),,,,
Converted_VCP__c,Converted VCP,PICKLIST,Picklist,"HIDDEN FIELD.  This field maps to Lead Type, and is used to ensure that Sales Specialist only creates new VCP Prospect Account records via the Lead Conversion process.",TRUE,FALSE,FALSE,FALSE,FALSE,FALSE,FALSE,TRUE,FALSE,FALSE,FALSE,,,,255,0,0,,"HIDDEN FIELD.  This field maps to Lead Type, and is used to ensure that Sales Specialist only creates new VCP Prospect Account records via the Lead Conversion process.",,,,00N1H00000GxIVoUAN,Chris Sirosky,2018-09-27 12:57:45,Chris Sirosky,2018-10-04 20:49:28,,,,,Account Information (Edit)
County__c,County,STRING,Formula (Text),"Name of county within region, via cross object reference to Regional_Account_Assignment object.",TRUE,FALSE,FALSE,FALSE,TRUE,FALSE,FALSE,FALSE,FALSE,FALSE,FALSE,,,,1300,0,0,Regional_District_Assignment__r.County__c,"County name, associated to PWL Sales Region.",,,,00N1H00000GxQJkUAN,Chris Sirosky,2018-10-09 19:30:09,Chris Sirosky,2018-11-21 21:16:09,Account Information (Readonly),,Address Information (Readonly),Address Information (Readonly),Address Information (Readonly)
CreatedById,Created By ID,LOOKUP (User),Lookup(User),,FALSE,FALSE,FALSE,TRUE,FALSE,FALSE,FALSE,FALSE,FALSE,FALSE,FALSE,,,,18,0,0,,,,,CreatedBy,,,,,,System Information (Readonly),System Information (Readonly),System Information (Readonly),System Information (Readonly),System Information (Readonly)
CreatedDate,Created Date,DATETIME,Date/Time,,FALSE,FALSE,FALSE,TRUE,FALSE,FALSE,FALSE,FALSE,FALSE,TRUE,FALSE,,,,0,0,0,,,,,,,,,,,,,,,
Daily_Store_Foot_Traffic_Count__c,Daily Store Foot Traffic Count,DOUBLE,"Number(18, 0)",,TRUE,FALSE,FALSE,FALSE,FALSE,FALSE,FALSE,FALSE,FALSE,FALSE,FALSE,,,,0,18,0,,Count of average daily foot traffic for the store,,,,00N1H00000GwsRTUAZ,Ankit Bahti,2018-09-07 08:23:14,Chris Sirosky,2018-09-20 15:05:33,General Store Information (Required),,General Store Information (Required),General Store Information (Required),General Store Information (Required)
Date_Inside_Signage_Removed__c,Date Inside Signage Removed,DATE,Date,,TRUE,FALSE,FALSE,FALSE,FALSE,FALSE,FALSE,FALSE,FALSE,FALSE,FALSE,,,,0,0,0,,Date inside pizza man logo removed,,,,00N5c00000JrEIuEAN,Stephanie Thacker,2023-09-26 19:11:46,Stephanie Thacker,2023-09-26 19:11:46,Account Information (Edit),Account Information (Edit),Outside/Inside Signage (Edit),Outside/Inside Signage (Edit),Outside/Inside Signage (Edit)
Date_IP_Sent__c,Date IP Sent,DATE,Date,,TRUE,FALSE,FALSE,FALSE,FALSE,FALSE,FALSE,FALSE,FALSE,FALSE,FALSE,,,,0,0,0,,IP Project 2023 - date IP sent and/or resent,,,,00N5c00000JrNd3EAF,Stephanie Thacker,2023-11-29 19:02:43,Stephanie Thacker,2023-11-29 19:02:43,Account Information (Edit),Account Information (Edit),Account Information (Edit),Account Information (Edit),Account Information (Edit)
Date_Outside_Sign_Removed__c,Date Outside Sign Removed,DATE,Date,,TRUE,FALSE,FALSE,FALSE,FALSE,FALSE,FALSE,FALSE,FALSE,FALSE,FALSE,,,,0,0,0,,Date the pizza man logo was removed from the outside sign,,,,00N5c00000JrEIkEAN,Stephanie Thacker,2023-09-26 19:09:27,Stephanie Thacker,2023-09-26 19:09:27,Account Information (Edit),Account Information (Edit),Outside/Inside Signage (Edit),Outside/Inside Signage (Edit),Outside/Inside Signage (Edit)
Days_of_Operation__c,Days of Operation,MULTIPICKLIST,Picklist (Multi-Select),,TRUE,FALSE,FALSE,FALSE,FALSE,FALSE,FALSE,TRUE,FALSE,FALSE,FALSE,,,,4099,4,0,,Days of the week the store is open,,,,00N1H00000GwsRJUAZ,Ankit Bahti,2018-09-07 08:20:13,Chris Sirosky,2018-09-20 15:06:17,General Store Information (Required),,General Store Information (Required),General Store Information (Required),General Store Information (Required)
DCE_Configured__c,DCE Configured,BOOLEAN,Checkbox,Digital Consumer Experience Configuration Complete,TRUE,FALSE,FALSE,TRUE,FALSE,FALSE,FALSE,FALSE,FALSE,FALSE,FALSE,,,,0,0,0,,,false,,,00N5c00000IdosFEAR,Stephanie Thacker,2022-03-08 13:25:54,Stephanie Thacker,2022-03-08 13:25:54,Account Information (Edit),Account Information (Edit),Digital Consumer Experience (Edit),Digital Consumer Experience (Edit),Digital Consumer Experience (Edit)
DCE_Live__c,DCE Live,BOOLEAN,Checkbox,,TRUE,FALSE,FALSE,TRUE,FALSE,FALSE,FALSE,FALSE,FALSE,FALSE,FALSE,,,,0,0,0,,,false,,,00N5c00000JWisxEAD,Stephanie Thacker,2022-11-08 14:45:44,Stephanie Thacker,2022-11-08 14:45:44,Account Information (Edit),Account Information (Edit),Digital Consumer Experience (Edit),Digital Consumer Experience (Edit),Digital Consumer Experience (Edit)
DCE_OTF__c,DCE OTF,BOOLEAN,Checkbox,,TRUE,FALSE,FALSE,TRUE,FALSE,FALSE,FALSE,FALSE,FALSE,FALSE,FALSE,,,,0,0,0,,,false,,,00N5c00000JrXwtEAF,Stephanie Thacker,2024-07-02 20:34:51,Stephanie Thacker,2024-07-02 20:34:51,Account Information (Edit),Account Information (Edit),Digital Consumer Experience (Edit),Digital Consumer Experience (Edit),Digital Consumer Experience (Edit)
Deli_Hours__c,Deli Hours,STRING,Text(20),,TRUE,FALSE,FALSE,FALSE,FALSE,FALSE,FALSE,FALSE,FALSE,FALSE,FALSE,,,,20,0,0,,What are the hours for the deli?,,,,00N1H00000GwswNUAR,Ankit Bahti,2018-09-08 17:01:54,Joanne Stamper,2018-09-14 15:36:21,Deli Information (Edit),,Deli Information (Edit),Deli Information (Edit),Deli Information (Edit)
Description,Account Description,TEXTAREA,Long Text Area(32000),,FALSE,FALSE,FALSE,FALSE,FALSE,FALSE,FALSE,FALSE,FALSE,FALSE,FALSE,,,,32000,0,0,,,,,,,,,,,Account Information (Edit),Account Information (Edit),Account Information (Edit),Account Information (Edit),Account Information (Edit)
Destination_store_for_the_community__c,Destination store for the community?,PICKLIST,Picklist,,TRUE,FALSE,FALSE,FALSE,FALSE,FALSE,FALSE,FALSE,FALSE,FALSE,FALSE,,,,255,0,0,,Is this a destination store for the community?,,,,00N1H00000Gwwh7UAB,Ankit Bahti,2018-09-11 07:50:17,Chris Sirosky,2018-09-20 15:28:29,General Store Information (Required),,General Store Information (Edit),General Store Information (Edit),General Store Information (Edit)
Digital_Sign__c,Digital Shoppe?,PICKLIST,Picklist,Used to identify if the account/store has a digital shoppe.  This field must be updated if the store moved from prospect to active status.,TRUE,FALSE,FALSE,FALSE,FALSE,FALSE,FALSE,FALSE,FALSE,FALSE,FALSE,,,,255,0,0,,Used to identify if the account/store has a digital shoppe.  This field must be updated if the store moved from prospect to active status.,,,,00N1H00000GxyBWUAZ,Chris Sirosky,2018-10-26 15:44:48,Stephanie Thacker,2020-08-21 14:28:14,Account Information (Edit),,Additional Account Information (Required),Additional Account Information (Required),Additional Account Information (Required)
District__c,District,STRING,Formula (Text),"Name of related district, via association to Regional District Assignment Number.",TRUE,FALSE,FALSE,FALSE,TRUE,FALSE,FALSE,FALSE,FALSE,FALSE,FALSE,,,,1300,0,0,Text( Regional_District_Assignment__r.District__c ),"Name of related district, via association of address of Lead (including county) with defined PWL sales regions.",,,,00N1H00000GxQJuUAN,Chris Sirosky,2018-10-09 19:33:30,Chris Sirosky,2018-10-09 19:33:30,Account Information (Readonly),,Address Information (Readonly),Address Information (Readonly),Address Information (Readonly)
District_Manager_Name__c,District Manager Name,STRING,Formula (Text),Field for Conga Sign Template.,TRUE,FALSE,FALSE,FALSE,TRUE,FALSE,FALSE,FALSE,FALSE,FALSE,FALSE,,,,1300,0,0,"IF(ISBLANK(  Regional_District_Assignment__r.District_Manager__r.FirstName  ),   Regional_District_Assignment__r.District_Manager__r.LastName  , Regional_District_Assignment__r.District_Manager__r.FirstName + ' ' + Regional_District_Assignment__r.District_Manager__r.LastName)",,,,,00N1H00000Gy0mdUAB,Prem Achanti,2018-11-01 14:04:56,Prem Achanti,2018-11-01 14:09:36,Account Information (Readonly),,,,
Does_the_store_accept_food_stamps__c,Does the store accept food stamps?,PICKLIST,Picklist,,TRUE,FALSE,FALSE,FALSE,FALSE,FALSE,FALSE,FALSE,FALSE,FALSE,FALSE,,,,255,0,0,,Does the store accept food stamps?,,,,00N1H00000GwsTeUAJ,Ankit Bahti,2018-09-07 09:59:40,Chris Sirosky,2018-09-20 15:07:22,General Store Information (Required),,General Store Information (Required),General Store Information (Required),General Store Information (Required)
Does_the_store_currently_sell_wings__c,Does the store currently sell wings?,PICKLIST,Picklist,,TRUE,FALSE,FALSE,FALSE,FALSE,FALSE,FALSE,FALSE,FALSE,FALSE,FALSE,,,,255,0,0,,Does the store currently sell chicken wings?,,,,00N1H00000GwwitUAB,Ankit Bahti,2018-09-11 08:55:21,Chris Sirosky,2018-09-20 15:28:14,Chicken Wing Information (Required),,Chicken Wing Information (Required),Chicken Wing Information (Required),Chicken Wing Information (Required)
Does_the_store_sell_beer__c,Does the store sell beer?,PICKLIST,Picklist,,TRUE,FALSE,FALSE,FALSE,FALSE,FALSE,FALSE,TRUE,FALSE,FALSE,FALSE,,,,255,0,0,,Does the store sell beer?,,,,00N1H00000GwsTZUAZ,Ankit Bahti,2018-09-07 09:55:30,Chris Sirosky,2018-09-20 15:07:53,General Store Information (Required),,General Store Information (Required),General Store Information (Required),General Store Information (Required)
Duration__c,Duration,DOUBLE,"Number(16, 2)",Duration for route,TRUE,FALSE,FALSE,FALSE,FALSE,FALSE,FALSE,FALSE,FALSE,FALSE,TRUE,,,,0,18,2,,,,,,00N1H00000HAi1XUAT,Josh Honeycutt,2020-04-09 19:07:48,Josh Honeycutt,2020-04-09 19:07:48,,Additional Account Information (Edit),Address Information (Edit),Address Information (Edit),Address Information (Edit)
Duration_Seconds__c,Duration Seconds,DOUBLE,Formula (Number),,TRUE,FALSE,FALSE,FALSE,TRUE,FALSE,FALSE,FALSE,FALSE,FALSE,FALSE,,,,0,18,0,Duration__c*60,,,,,00N1H00000HAi1WUAT,Josh Honeycutt,2020-04-09 19:07:48,Josh Honeycutt,2020-04-09 19:07:52,,Additional Account Information (Readonly),Address Information (Readonly),Address Information (Readonly),Address Information (Readonly)
Eat_in_space__c,Eat in space?,PICKLIST,Picklist,,TRUE,FALSE,FALSE,FALSE,FALSE,FALSE,FALSE,TRUE,FALSE,FALSE,FALSE,,,,255,0,0,,Is there an eat-in space?,,,,00N1H00000GwswXUAR,Ankit Bahti,2018-09-08 17:04:01,Chris Sirosky,2018-09-18 21:16:42,Deli Information (Required),,Deli Information (Required),Deli Information (Required),Deli Information (Required)
Email_of_Referral_TM__c,Email of Referral TM,STRING,Formula (Text),,TRUE,FALSE,FALSE,FALSE,TRUE,FALSE,FALSE,FALSE,FALSE,FALSE,FALSE,,,,1300,0,0,Referred_by_TM_Email_Address__c,,,,,00N5c00000HUMIqEAP,Stephanie Thacker,2023-09-05 18:00:05,Stephanie Thacker,2023-09-05 18:04:45,,,Account Information (Readonly),Account Information (Readonly),Account Information (Readonly)
Email_of_Regional_Manager__c,Email of Regional Manager,STRING,Formula (Text),Hidden field that pulls the regional manager email from regional district assignment regional manager user.,TRUE,FALSE,FALSE,FALSE,TRUE,FALSE,FALSE,FALSE,FALSE,FALSE,FALSE,,,,1300,0,0,Regional_District_Assignment__r.Regional_Manager__r.Email,"Email of the regional manager, used in email alerts.",,,,00N1H00000GxvNiUAJ,Mark McCarthy,2018-10-25 01:37:43,Mark McCarthy,2018-10-25 01:38:42,Account Information (Readonly),,Account Information (Readonly),Account Information (Readonly),Account Information (Readonly)
Equipment_Invoice_Date__c,Equipment Invoice Date - Acct,DATE,Date,Date equipment is invoiced,TRUE,FALSE,FALSE,FALSE,FALSE,FALSE,FALSE,FALSE,FALSE,FALSE,FALSE,,,,0,0,0,,,,,,00N5c00000JWvgaEAD,Stephanie Thacker,2023-02-27 16:31:55,Stephanie Thacker,2024-02-21 16:19:26,Account Information (Edit),Account Information (Edit),Account Information (Edit),Account Information (Edit),Account Information (Edit)
Estimated_Weekly_Pizzas_Sold__c,Estimated Pizzas Sold Weekly,DOUBLE,"Number(18, 0)",Estimated weekly volume of sales of pizzas,TRUE,FALSE,FALSE,FALSE,FALSE,FALSE,FALSE,FALSE,FALSE,FALSE,FALSE,,,,0,18,0,,Estimated weekly volume of sales of pizzas,,,,00N1H00000GwrgDUAR,Ankit Bahti,2018-09-06 13:43:26,Chris Sirosky,2018-09-18 21:14:33,Criteria Survey Information (Required),,Criteria Survey Information (Required),Criteria Survey Information (Required),Criteria Survey Information (Required)
Estimated_Weekly_Wings_Sold__c,Estimated Pounds of Wings Sold Weekly,DOUBLE,"Number(18, 0)",Estimated weekly volume of sales of chicken wings,TRUE,FALSE,FALSE,FALSE,FALSE,FALSE,FALSE,FALSE,FALSE,FALSE,FALSE,,,,0,18,0,,Estimated weekly volume of sales of chicken wings - pounds,,,,00N1H00000GwrgSUAR,Ankit Bahti,2018-09-06 13:55:25,Chris Sirosky,2018-09-18 21:14:56,Criteria Survey Information (Required),,Criteria Survey Information (Required),Criteria Survey Information (Required),Criteria Survey Information (Required)
Fax,Account Fax,PHONE,Fax,,FALSE,FALSE,FALSE,FALSE,FALSE,FALSE,FALSE,FALSE,FALSE,FALSE,FALSE,,,,40,0,0,,,,,,,,,,,Account Information (Edit),Account Information (Edit),Account Information (Edit),Account Information (Edit),Account Information (Edit)
FB_Contact_Email__c,FB Contact Email,EMAIL,Email,email address for the FB Contact,TRUE,FALSE,FALSE,FALSE,FALSE,FALSE,FALSE,FALSE,FALSE,FALSE,FALSE,,,,80,0,0,,email address for the Facebook Contact,,,,00N5c00000IdosZEAR,Stephanie Thacker,2022-03-08 13:38:55,Stephanie Thacker,2022-03-08 13:38:55,Account Information (Edit),Account Information (Edit),Digital Consumer Experience (Edit),Digital Consumer Experience (Edit),Digital Consumer Experience (Edit)
FB_Contact_Name__c,FB Contact Name,TEXTAREA,Text Area(255),Name of person in charge of customers FB,TRUE,FALSE,FALSE,FALSE,FALSE,FALSE,FALSE,FALSE,FALSE,FALSE,FALSE,,,,255,0,0,,Name of Person in charge of customers Facebook,,,,00N5c00000IdosPEAR,Stephanie Thacker,2022-03-08 13:37:27,Stephanie Thacker,2022-03-08 13:39:30,Account Information (Edit),Account Information (Edit),Digital Consumer Experience (Edit),Digital Consumer Experience (Edit),Digital Consumer Experience (Edit)
FB_Contact_Phone_Number__c,FB Contact Phone Number,PHONE,Phone,Phone number of FB Contact,TRUE,FALSE,FALSE,FALSE,FALSE,FALSE,FALSE,FALSE,FALSE,FALSE,FALSE,,,,40,0,0,,Phone Number for the Facebook Contact Person,,,,00N5c00000IdosUEAR,Stephanie Thacker,2022-03-08 13:38:17,Stephanie Thacker,2022-03-08 13:39:53,Account Information (Edit),Account Information (Edit),Digital Consumer Experience (Edit),Digital Consumer Experience (Edit),Digital Consumer Experience (Edit)
FB_Page_URL__c,FB Page URL,URL,URL(255),Link to customers Facebook Page,TRUE,FALSE,FALSE,FALSE,FALSE,FALSE,FALSE,FALSE,FALSE,FALSE,FALSE,,,,255,0,0,,Link to customers Facebook Page,,,,00N5c00000IdosAEAR,Stephanie Thacker,2022-03-08 13:24:43,Stephanie Thacker,2023-02-22 15:27:13,Account Information (Edit),Account Information (Edit),Digital Consumer Experience (Edit),Digital Consumer Experience (Edit),Digital Consumer Experience (Edit)
Federal_Employment_Identification_Number__c,Federal Employment Identification Number,STRING,Text(10),FEIN for the Store,TRUE,FALSE,FALSE,FALSE,FALSE,FALSE,FALSE,FALSE,FALSE,FALSE,FALSE,,,,10,0,0,,FEIN for the Store.,,,,00N1H00000GxU16UAF,Chris Sirosky,2018-10-11 14:03:36,Chris Sirosky,2018-11-01 22:56:45,Account Information (Edit),,Account Information (Edit),Account Information (Edit),Account Information (Edit)
First_Invoice_Date__c,First Invoice Date,DATE,Roll-Up Summary (MIN Invoice),First Invoice Date that has Pizza Units and an Extended Price.,TRUE,FALSE,FALSE,FALSE,TRUE,FALSE,FALSE,FALSE,FALSE,FALSE,FALSE,,,,0,0,0,,First Invoice Date for this Customer.,,,,00N1H00000HB5WzUAL,Brandon Monahan,2020-10-26 20:31:24,Mark McCarthy,2022-07-08 21:03:28,,,,,
First_Invoice_Year__c,First Invoice Year,STRING,Formula (Text),Year of the first invoice.,TRUE,FALSE,FALSE,FALSE,TRUE,FALSE,FALSE,FALSE,FALSE,FALSE,FALSE,,,,1300,0,0,TEXT(YEAR(First_Invoice_Date__c)),Year of this customer's first Invoice.,,,,00N1H00000HBEXcUAP,Pete Schmitke,2021-01-18 21:23:58,Pete Schmitke,2021-01-18 21:23:58,,,,,
First_Pizza_Date__c,First Pizza Date,DATE,Date,,TRUE,FALSE,FALSE,FALSE,FALSE,FALSE,FALSE,FALSE,FALSE,FALSE,FALSE,,,,0,0,0,,Date that account placed their first pizza order with PWL.,,,,00N1H00000HAWVMUA5,Chris Sirosky,2020-01-20 17:24:40,Chris Sirosky,2020-01-20 17:24:40,Account Information (Edit),,Account Information (Edit),Account Information (Edit),Account Information (Edit)
First_Product_Order_Discount__c,First Product Order Discount,PICKLIST,Picklist,Leads from the lead form that will receive 10% off first product order,TRUE,FALSE,FALSE,FALSE,FALSE,FALSE,FALSE,TRUE,FALSE,FALSE,FALSE,,,,255,0,0,,Leads from the lead form that will receive 10% off first product order,,,,00N5c00000JrUhrEAF,Stephanie Thacker,2024-05-29 18:58:55,Stephanie Thacker,2024-05-29 18:58:55,Account Information (Edit),Account Information (Edit),Account Information (Edit),Account Information (Edit),Account Information (Edit)
Free_Hunk_Upon_Enrollment__c,Free Hunk Upon Enrollment,PICKLIST,Picklist,Does the customer want to give away a Free Hunk upon enrollment?,TRUE,FALSE,FALSE,FALSE,FALSE,FALSE,FALSE,TRUE,FALSE,FALSE,FALSE,,,,255,0,0,,Does the customer want to give away a Free Hunk upon enrollment?,,,,00N5c00000GR3j2EAD,Stephanie Thacker,2021-06-24 16:06:19,Stephanie Thacker,2021-06-24 16:06:19,Account Information (Edit),Account Information (Edit),,,
Friday_Pizza_Hours__c,Friday Pizza Hours,TEXTAREA,Text Area(255),,TRUE,FALSE,FALSE,FALSE,FALSE,FALSE,FALSE,FALSE,FALSE,FALSE,FALSE,,,,255,0,0,,,,,,00N5c00000JrP5DEAV,Stephanie Thacker,2024-01-04 15:10:34,Stephanie Thacker,2024-01-04 15:10:34,Account Information (Edit),,Store - Pizza Hours (Edit),Store - Pizza Hours (Edit),Store - Pizza Hours (Edit)
Friday_Store_Hours__c,Friday Store Hours,TEXTAREA,Text Area(255),,TRUE,FALSE,FALSE,FALSE,FALSE,FALSE,FALSE,FALSE,FALSE,FALSE,FALSE,,,,255,0,0,,,,,,00N5c00000JrP5EEAV,Stephanie Thacker,2024-01-04 15:10:35,Stephanie Thacker,2024-01-04 15:10:35,Account Information (Edit),,Store - Pizza Hours (Edit),Store - Pizza Hours (Edit),Store - Pizza Hours (Edit)
GMB_Link__c,GMB Link,URL,URL(255),,TRUE,FALSE,FALSE,FALSE,FALSE,FALSE,FALSE,FALSE,FALSE,FALSE,FALSE,,,,255,0,0,,,,,,00N5c00000JraskEAB,Stephanie Thacker,2024-07-16 18:26:00,Stephanie Thacker,2024-07-16 18:26:00,Account Information (Edit),Account Information (Edit),Digital Consumer Experience (Edit),Digital Consumer Experience (Edit),Digital Consumer Experience (Edit)
Google_Review_Link__c,Google Review Link,URL,URL(255),,TRUE,FALSE,FALSE,FALSE,FALSE,FALSE,FALSE,FALSE,FALSE,FALSE,FALSE,,,,255,0,0,,,,,,00N5c00000JrQxSEAV,Stephanie Thacker,2024-03-21 15:23:35,Stephanie Thacker,2024-03-21 15:23:35,Account Information (Edit),Account Information (Edit),Store - Pizza Hours (Edit),Store - Pizza Hours (Edit),Store - Pizza Hours (Edit)
Has_Deli__c,Has Deli?,PICKLIST,Picklist,,TRUE,FALSE,FALSE,FALSE,FALSE,FALSE,FALSE,TRUE,FALSE,FALSE,FALSE,,,,255,0,0,,Does the store have a deli?,,,,00N1H00000GwswIUAR,Ankit Bahti,2018-09-08 17:00:42,Chris Sirosky,2018-09-20 15:27:29,Deli Information (Required),,Deli Information (Required),Deli Information (Required),Deli Information (Required)
HFR_Configured__c,HFR Configured,BOOLEAN,Checkbox,information has been sent to Electrum,TRUE,FALSE,FALSE,TRUE,FALSE,FALSE,FALSE,FALSE,FALSE,FALSE,FALSE,,,,0,0,0,,information has been sent to Electrum,false,,,00N5c00000GR4cvEAD,Stephanie Thacker,2021-07-09 15:00:08,Stephanie Thacker,2021-07-09 15:00:08,Account Information (Edit),Account Information (Edit),,,
HFR_Test__c,HFR Test,PICKLIST,Picklist,,TRUE,FALSE,FALSE,FALSE,FALSE,FALSE,FALSE,TRUE,FALSE,FALSE,FALSE,,,,255,0,0,,,,,,00N1H00000HMPPcUAP,Stephanie Thacker,2021-04-13 17:58:13,Stephanie Thacker,2021-04-13 17:58:13,Account Information (Edit),Account Information (Edit),Account Information (Edit),Account Information (Edit),Account Information (Edit)
Hold__c,Hold,PICKLIST,Picklist,Hold DCE Kit if marked Yes,TRUE,FALSE,FALSE,FALSE,FALSE,FALSE,FALSE,TRUE,FALSE,FALSE,FALSE,,,,255,0,0,,Hold DCE Kit if this says yes,,,,00N5c00000JGw7IEAT,Stephanie Thacker,2022-10-20 13:33:28,Stephanie Thacker,2022-10-20 13:33:28,Account Information (Edit),Account Information (Edit),Digital Consumer Experience (Edit),Digital Consumer Experience (Edit),Digital Consumer Experience (Edit)
Hours_of_Operation__c,Hours of Operation,STRING,Text(30),,TRUE,FALSE,FALSE,FALSE,FALSE,FALSE,FALSE,FALSE,FALSE,FALSE,FALSE,,,,30,0,0,,Hours of the day the store is open,,,,00N1H00000GwsROUAZ,Ankit Bahti,2018-09-07 08:21:31,Chris Sirosky,2018-09-20 15:27:16,General Store Information (Required),,General Store Information (Required),General Store Information (Required),General Store Information (Required)
Id,Account ID,ID,Lookup(),,FALSE,FALSE,FALSE,TRUE,FALSE,FALSE,FALSE,FALSE,FALSE,TRUE,FALSE,,,,18,0,0,,,,,,,,,,,,,,,
If_yes_does_it_have_a_current_logo__c,"If yes, does it have a current logo?",PICKLIST,Picklist,,TRUE,FALSE,FALSE,FALSE,FALSE,FALSE,FALSE,TRUE,FALSE,FALSE,FALSE,,,,255,0,0,,,,,,00N5c00000JrEIfEAN,Stephanie Thacker,2023-09-26 19:08:42,Stephanie Thacker,2023-09-26 19:08:42,Account Information (Edit),Account Information (Edit),Outside/Inside Signage (Edit),Outside/Inside Signage (Edit),Outside/Inside Signage (Edit)
Inactive_Date__c,Inactive Date,DATE,Date,The date the given account was inactivated.,TRUE,FALSE,FALSE,FALSE,FALSE,FALSE,FALSE,FALSE,FALSE,FALSE,FALSE,,,,0,0,0,,Enter the date the Account was closed.,,,,00N1H00000HB5UZUA1,Brandon Monahan,2020-10-26 15:13:45,Brandon Monahan,2020-10-26 15:13:45,Additional Account Information (Edit),Additional Account Information (Edit),Account Information (Edit),Account Information (Edit),Account Information (Edit)
Industry,z del Industry,PICKLIST,Picklist,,FALSE,FALSE,FALSE,FALSE,FALSE,FALSE,FALSE,FALSE,FALSE,FALSE,FALSE,,,,255,0,0,,,,,,,,,,,,,,,
Inside_Signage_with_Pizza_Man_Logo__c,Inside Signage with Pizza Man Logo?,PICKLIST,Picklist,,TRUE,FALSE,FALSE,FALSE,FALSE,FALSE,FALSE,TRUE,FALSE,FALSE,FALSE,,,,255,0,0,,Is there inside signage with the pizza man logo?,,,,00N5c00000JrEIpEAN,Stephanie Thacker,2023-09-26 19:10:59,Stephanie Thacker,2023-09-26 19:10:59,Account Information (Edit),Account Information (Edit),Outside/Inside Signage (Edit),Outside/Inside Signage (Edit),Outside/Inside Signage (Edit)
Install_Type__c,Install Type,PICKLIST,Picklist,,TRUE,FALSE,FALSE,FALSE,FALSE,FALSE,FALSE,TRUE,FALSE,FALSE,FALSE,,,,255,0,0,,Install type for the Store.,,,,00N1H00000Gy13ZUAR,Chris Sirosky,2018-11-01 22:29:33,Stephanie Thacker,2020-08-21 14:28:36,Account Information (Edit),,Additional Account Information (Required),Additional Account Information (Required),Additional Account Information (Required)
IP_Project_Additional_Notes__c,IP Project - Additional Notes,TEXTAREA,Long Text Area(32768),,TRUE,FALSE,FALSE,FALSE,FALSE,FALSE,FALSE,FALSE,FALSE,FALSE,FALSE,,,,32768,0,0,,IP Project 2023 - additional information,,,,00N5c00000JrNd8EAF,Stephanie Thacker,2023-11-29 19:04:06,Stephanie Thacker,2023-11-29 19:04:06,Account Information (Edit),Account Information (Edit),Account Information (Edit),Account Information (Edit),Account Information (Edit)
IP_Resale_Needed__c,IP-Resale Needed,BOOLEAN,Checkbox,,TRUE,FALSE,FALSE,TRUE,FALSE,FALSE,FALSE,FALSE,FALSE,FALSE,FALSE,,,,0,0,0,,IP Project 2023 Information,false,,,00N5c00000GCCM6EAP,Stephanie Thacker,2023-06-14 17:17:38,Stephanie Thacker,2023-06-14 17:17:38,Account Information (Edit),Account Information (Edit),Account Information (Edit),Account Information (Edit),Account Information (Edit)
IP_To_Nashville__c,IP To Nashville,DATE,Date,Date IP was sent to Nashville for Conga Sign,TRUE,FALSE,FALSE,FALSE,FALSE,FALSE,FALSE,FALSE,FALSE,FALSE,FALSE,,,,0,0,0,,IP sent to Nashville for completion,,,,00N5c00000JWvgfEAD,Stephanie Thacker,2023-02-27 16:33:24,Stephanie Thacker,2023-02-27 16:33:24,Account Information (Edit),Account Information (Edit),Account Information (Edit),Account Information (Edit),Account Information (Edit)
Is_there_a_2nd_Outdoor_Sign__c,Is there a 2nd Outdoor Sign?,PICKLIST,Picklist,,TRUE,FALSE,FALSE,FALSE,FALSE,FALSE,FALSE,TRUE,FALSE,FALSE,FALSE,,,,255,0,0,,,,,,00N5c00000JrXy1EAF,Stephanie Thacker,2024-07-03 18:41:08,Stephanie Thacker,2024-07-03 18:41:08,Account Information (Edit),Account Information (Edit),Outside/Inside Signage (Edit),Outside/Inside Signage (Edit),Outside/Inside Signage (Edit)
Is_there_a_Preferred_Additional_C_Store__c,Is there a preferred additional C-Store,PICKLIST,Picklist,,TRUE,FALSE,FALSE,FALSE,FALSE,FALSE,FALSE,TRUE,FALSE,FALSE,FALSE,,,,255,0,0,,Is there an additional preferred C-Store location in the vicinity that PWL is unable to engage with?,,,,00N1H00000GwxxgUAB,Ankit Bahti,2018-09-12 13:36:14,Chris Sirosky,2018-09-18 21:17:24,Additional Account Information (Required),,Additional Account Information (Required),Additional Account Information (Required),Additional Account Information (Required)
Is_there_an_Outside_Sign__c,Is there an Outside Sign?,PICKLIST,Picklist,,TRUE,FALSE,FALSE,FALSE,FALSE,FALSE,FALSE,TRUE,FALSE,FALSE,FALSE,,,,255,0,0,,,,,,00N5c00000JrEIaEAN,Stephanie Thacker,2023-09-26 19:07:39,Stephanie Thacker,2023-09-26 19:07:39,Account Information (Edit),Account Information (Edit),Outside/Inside Signage (Edit),Outside/Inside Signage (Edit),Outside/Inside Signage (Edit)
Is_there_another_in_store_franchise__c,Is there another in-store franchise?,PICKLIST,Picklist,,TRUE,FALSE,FALSE,FALSE,FALSE,FALSE,FALSE,TRUE,FALSE,FALSE,FALSE,,,,255,0,0,,Is there another in-store food franchise?,,,,00N1H00000GwswwUAB,Ankit Bahti,2018-09-08 17:22:42,Chris Sirosky,2018-09-20 15:27:59,Other Food Operation Information (Required),,Other Food Operation Information (Required),Other Food Operation Information (Required),Other Food Operation Information (Required)
Is_there_other_pizza_competition__c,Is there other pizza competition?,PICKLIST,Picklist,,TRUE,FALSE,FALSE,FALSE,FALSE,FALSE,FALSE,TRUE,FALSE,FALSE,FALSE,,,,255,0,0,,Is there other pizza-related competition within 3 driving miles from the store?,,,,00N1H00000GwswhUAB,Ankit Bahti,2018-09-08 17:09:48,Chris Sirosky,2018-09-20 15:27:45,Other Food Operation Information (Required),,Other Food Operation Information (Required),Other Food Operation Information (Required),Other Food Operation Information (Required)
IsDeleted,Deleted,BOOLEAN,Checkbox,,FALSE,FALSE,FALSE,TRUE,FALSE,FALSE,FALSE,FALSE,FALSE,FALSE,FALSE,,,,0,0,0,,,false,,,,,,,,,,,,
Jigsaw,z del Data.com Key,STRING,Text(20),,FALSE,FALSE,FALSE,FALSE,FALSE,FALSE,FALSE,FALSE,FALSE,FALSE,FALSE,,,,20,0,0,,,,,,,,,,,,,,,
JigsawCompanyId,Jigsaw Company ID,STRING,External Lookup,,FALSE,FALSE,FALSE,FALSE,FALSE,FALSE,FALSE,FALSE,FALSE,TRUE,FALSE,,,,20,0,0,,,,,JigsawCompany,,,,,,,,,,
Last_Invoice_Date__c,Last Invoice Date,DATE,Roll-Up Summary (MAX Invoice),date of the last invoice,TRUE,FALSE,FALSE,FALSE,TRUE,FALSE,FALSE,FALSE,FALSE,FALSE,FALSE,,,,0,0,0,,Date of the last Invoice,,,,00N5c00000JWyEaEAL,Stephanie Thacker,2023-03-27 16:36:39,Stephanie Thacker,2023-03-27 17:02:47,Account Information (Readonly),Account Information (Readonly),Account Information (Readonly),Account Information (Readonly),Account Information (Readonly)
LastActivityDate,Last Activity,DATE,Date,,FALSE,FALSE,FALSE,FALSE,FALSE,FALSE,FALSE,FALSE,FALSE,FALSE,FALSE,,,,0,0,0,,,,,,,,,,,,,,,
LastModifiedById,Last Modified By ID,LOOKUP (User),Lookup(User),,FALSE,FALSE,FALSE,TRUE,FALSE,FALSE,FALSE,FALSE,FALSE,FALSE,FALSE,,,,18,0,0,,,,,LastModifiedBy,,,,,,System Information (Readonly),System Information (Readonly),System Information (Readonly),System Information (Readonly),System Information (Readonly)
LastModifiedDate,Last Modified Date,DATETIME,Date/Time,,FALSE,FALSE,FALSE,TRUE,FALSE,FALSE,FALSE,FALSE,FALSE,FALSE,FALSE,,,,0,0,0,,,,,,,,,,,,,,,
LastReferencedDate,Last Referenced Date,DATETIME,Date/Time,,FALSE,FALSE,FALSE,FALSE,FALSE,FALSE,FALSE,FALSE,FALSE,FALSE,FALSE,,,,0,0,0,,,,,,,,,,,,,,,
LastViewedDate,Last Viewed Date,DATETIME,Date/Time,,FALSE,FALSE,FALSE,FALSE,FALSE,FALSE,FALSE,FALSE,FALSE,FALSE,FALSE,,,,0,0,0,,,,,,,,,,,,,,,
LatitudeFormula__c,Latitude Formula,DOUBLE,Formula (Number),,TRUE,FALSE,FALSE,FALSE,TRUE,FALSE,FALSE,FALSE,FALSE,FALSE,FALSE,,,,0,18,15,"IF(ISNULL(Verified_Latitude__c), BillingLatitude, Verified_Latitude__c)",,,,,00N1H00000HAsvPUAT,Josh Honeycutt,2020-07-09 13:56:25,Josh Honeycutt,2020-07-09 13:56:25,Account Information (Readonly),Account Information (Readonly),Address Information (Readonly),Address Information (Readonly),Address Information (Readonly)
Legal_Business_Name__c,Legal Business Name,STRING,Text(255),,TRUE,FALSE,FALSE,FALSE,FALSE,FALSE,FALSE,FALSE,FALSE,FALSE,FALSE,,,,255,0,0,,Enter the legal business name of this customer.,,,,00N1H00000HMPcCUAX,Prem Achanti,2021-04-20 18:40:39,Prem Achanti,2021-04-20 18:40:39,,,Account Information (Edit),Account Information (Edit),Account Information (Edit)
Location_ID__c,Location ID,STRING,Text(40),,TRUE,FALSE,FALSE,FALSE,FALSE,FALSE,FALSE,FALSE,FALSE,FALSE,FALSE,,,,40,0,0,,Location ID for account.,,,,00N1H00000HAWV2UAP,Chris Sirosky,2020-01-20 17:17:20,Chris Sirosky,2020-01-20 17:17:20,Account Information (Edit),,Account Information (Edit),Account Information (Edit),Account Information (Edit)
LongitudeFormula__c,Longitude Formula,DOUBLE,Formula (Number),,TRUE,FALSE,FALSE,FALSE,TRUE,FALSE,FALSE,FALSE,FALSE,FALSE,FALSE,,,,0,18,15,"IF(ISNULL(Verified_Longitude__c), BillingLongitude,  Verified_Longitude__c)",,,,,00N1H00000HAsvQUAT,Josh Honeycutt,2020-07-09 13:56:25,Josh Honeycutt,2020-07-09 13:56:25,Account Information (Readonly),Account Information (Readonly),Address Information (Readonly),Address Information (Readonly),Address Information (Readonly)
MA_Latitude__c,MA Latitude,DOUBLE,"Number(3, 15)",,TRUE,FALSE,FALSE,FALSE,FALSE,FALSE,FALSE,FALSE,FALSE,FALSE,FALSE,,,,0,18,15,,,,,,00N1H00000GZusEUAT,Stephanie Thacker,2019-05-10 13:00:44,Stephanie Thacker,2019-05-10 13:00:44,Account Information (Edit),Account Information (Edit),,,
MA_Longitude__c,MA Longitude,DOUBLE,"Number(3, 15)",,TRUE,FALSE,FALSE,FALSE,FALSE,FALSE,FALSE,FALSE,FALSE,FALSE,FALSE,,,,0,18,15,,,,,,00N1H00000GZusJUAT,Stephanie Thacker,2019-05-10 13:01:19,Stephanie Thacker,2019-05-10 13:01:19,Account Information (Edit),Account Information (Edit),,,
maps__AssignmentRule__c,Maps Assignment Rule,LOOKUP (maps__AssignmentRule__c),Lookup(Maps Assignment Rule),,TRUE,FALSE,FALSE,FALSE,FALSE,FALSE,FALSE,FALSE,FALSE,TRUE,FALSE,,,,18,0,0,,,,,maps__AssignmentRule__r,00N5c00000FW4XmEAL,Stephanie Thacker,2022-02-11 15:21:07,Stephanie Thacker,2022-02-11 15:21:07,,,,,
Maps_Latitude__c,Maps Latitude,DOUBLE,"Number(3, 15)",,TRUE,FALSE,FALSE,FALSE,FALSE,FALSE,FALSE,FALSE,FALSE,FALSE,FALSE,,,,0,18,15,,,,,,00N5c00000IdwS6EAJ,Stephanie Thacker,2022-03-14 13:52:27,Stephanie Thacker,2022-03-14 13:52:27,Account Information (Edit),Account Information (Edit),Address Information (Edit),Address Information (Edit),Address Information (Edit)
Maps_Longitude__c,Maps Longitude,DOUBLE,"Number(3, 15)",,TRUE,FALSE,FALSE,FALSE,FALSE,FALSE,FALSE,FALSE,FALSE,FALSE,FALSE,,,,0,18,15,,,,,,00N5c00000IdwSBEAZ,Stephanie Thacker,2022-03-14 13:54:59,Stephanie Thacker,2022-03-14 13:54:59,Account Information (Edit),Account Information (Edit),Address Information (Edit),Address Information (Edit),Address Information (Edit)
Market_Served__c,Market Served,PICKLIST,Picklist,,TRUE,FALSE,FALSE,FALSE,FALSE,FALSE,FALSE,TRUE,FALSE,FALSE,FALSE,,,,255,0,0,,Name of PWLs market where account record is associated,,,,00N1H00000GwrebUAB,Ankit Bahti,2018-09-06 12:35:01,Chris Sirosky,2018-09-18 21:14:18,Address Information (Required),Address Information (Required),Address Information (Required),Address Information (Required),Address Information (Required)
MasterRecordId,Master Record ID,LOOKUP (Account),Lookup(Account),,FALSE,FALSE,FALSE,FALSE,FALSE,FALSE,FALSE,FALSE,FALSE,FALSE,FALSE,,,,18,0,0,,,,,MasterRecord,,,,,,,,,,
Menu_Exclusions__c,Menu Exclusions,MULTIPICKLIST,Picklist (Multi-Select),Are there any menu exclusions?,TRUE,FALSE,FALSE,FALSE,FALSE,FALSE,FALSE,TRUE,FALSE,FALSE,FALSE,,,,4099,4,0,,Are there any Menu Exclusions?,,,,00N5c00000IfLWYEA3,Stephanie Thacker,2022-04-21 14:36:34,Stephanie Thacker,2022-04-21 14:36:34,Account Information (Edit),Account Information (Edit),Digital Consumer Experience (Edit),Digital Consumer Experience (Edit),Digital Consumer Experience (Edit)
Menu_Exclusions_Other__c,Menu Exclusions Other,TEXTAREA,Long Text Area(32768),List any other Menu Exclusions.,TRUE,FALSE,FALSE,FALSE,FALSE,FALSE,FALSE,FALSE,FALSE,FALSE,FALSE,,,,32768,0,0,,List any other Menu Exclusions.,,,,00N5c00000IfLWdEAN,Stephanie Thacker,2022-04-21 14:37:24,Stephanie Thacker,2022-04-21 14:37:24,Account Information (Edit),Account Information (Edit),Digital Consumer Experience (Edit),Digital Consumer Experience (Edit),Digital Consumer Experience (Edit)
Monday_Pizza_Hours__c,Monday Pizza Hours,TEXTAREA,Text Area(255),,TRUE,FALSE,FALSE,FALSE,FALSE,FALSE,FALSE,FALSE,FALSE,FALSE,FALSE,,,,255,0,0,,,,,,00N5c00000JrP5FEAV,Stephanie Thacker,2024-01-04 15:10:35,Stephanie Thacker,2024-01-04 15:10:35,Account Information (Edit),,Store - Pizza Hours (Edit),Store - Pizza Hours (Edit),Store - Pizza Hours (Edit)
Monday_Store_Hours__c,Monday Store Hours,TEXTAREA,Text Area(255),,TRUE,FALSE,FALSE,FALSE,FALSE,FALSE,FALSE,FALSE,FALSE,FALSE,FALSE,,,,255,0,0,,,,,,00N5c00000JrP5GEAV,Stephanie Thacker,2024-01-04 15:10:35,Stephanie Thacker,2024-01-04 15:10:35,Account Information (Edit),,Store - Pizza Hours (Edit),Store - Pizza Hours (Edit),Store - Pizza Hours (Edit)
Monthly_food_stamp_sales__c,Monthly Food Stamp Sales,CURRENCY,"Currency(18, 0)",,TRUE,FALSE,FALSE,FALSE,FALSE,FALSE,FALSE,FALSE,FALSE,FALSE,FALSE,,,,0,18,0,,Monthly food stamp sales,,,,00N1H00000GwsUnUAJ,Ankit Bahti,2018-09-07 11:14:15,Joanne Stamper,2018-09-13 12:36:47,General Store Information (Edit),,General Store Information (Edit),General Store Information (Edit),General Store Information (Edit)
Most_Recent_Order_Date__c,Most Recent Order Date,DATETIME,Roll-Up Summary (MAX Order),The most recent order date associated with this Account.,TRUE,FALSE,FALSE,FALSE,TRUE,FALSE,FALSE,FALSE,FALSE,FALSE,FALSE,,,,0,0,0,,The most recent order date associated with this Account.,,,,00N5c00000JWwhlEAD,Ginny Patrick,2023-03-13 16:13:05,Ginny Patrick,2023-03-13 16:13:05,Roll-Up Summary Information (Readonly),Roll-Up Summary Information (Readonly),Roll-Up Summary Information (Readonly),Roll-Up Summary Information (Readonly),Roll-Up Summary (Readonly)
Name,Store Name,STRING,Name,,FALSE,FALSE,FALSE,FALSE,FALSE,TRUE,FALSE,FALSE,FALSE,TRUE,TRUE,,,,255,0,0,,,,,,,,,,,Account Information (Required),Account Information (Required),Account Information (Required),Account Information (Required),Account Information (Required)
Needs_Google_Review_Flyer__c,Needs Google Review Flyer,BOOLEAN,Checkbox,,TRUE,FALSE,FALSE,TRUE,FALSE,FALSE,FALSE,FALSE,FALSE,FALSE,FALSE,,,,0,0,0,,,false,,,00N5c00000JrUloEAF,Stephanie Thacker,2024-05-30 15:44:55,Stephanie Thacker,2024-05-30 15:44:55,Account Information (Edit),Account Information (Edit),Store - Pizza Hours (Edit),Store - Pizza Hours (Edit),Store - Pizza Hours (Edit)
New_American__c,New American?,PICKLIST,Picklist,,TRUE,FALSE,FALSE,FALSE,FALSE,FALSE,FALSE,TRUE,FALSE,FALSE,FALSE,,,,255,0,0,,Select Yes or No if this a New American account.,,,,00N1H00000GxzQlUAJ,Chris Sirosky,2018-10-29 17:56:46,Chris Sirosky,2018-11-01 22:03:38,Account Information (Edit),,,,
Non_DCE_OTF__c,Non-DCE OTF,BOOLEAN,Checkbox,,TRUE,FALSE,FALSE,TRUE,FALSE,FALSE,FALSE,FALSE,FALSE,FALSE,FALSE,,,,0,0,0,,,false,,,00N5c00000JrQVxEAN,Stephanie Thacker,2024-03-07 14:31:16,Stephanie Thacker,2024-03-07 14:31:16,Account Information (Edit),Account Information (Edit),Digital Consumer Experience (Edit),Digital Consumer Experience (Edit),Digital Consumer Experience (Edit)
NumberOfEmployees,z del Employees,INTEGER,"Number(8, 0)",,FALSE,FALSE,FALSE,FALSE,FALSE,FALSE,FALSE,FALSE,FALSE,FALSE,FALSE,,,,8,0,0,,,,,,,,,,,,,,,
of_Branding_Items__c,# of Branding Items,DOUBLE,"Number(18, 0)",,TRUE,FALSE,FALSE,FALSE,FALSE,FALSE,FALSE,FALSE,FALSE,FALSE,FALSE,,,,0,18,0,,,,,,00N5c00000JrP4FEAV,Stephanie Thacker,2024-01-02 13:40:15,Stephanie Thacker,2024-01-02 13:40:15,,Account Information (Edit),Outside/Inside Signage (Edit),Outside/Inside Signage (Edit),Outside/Inside Signage (Edit)
of_employees_dedicated_to_the_deli__c,# of Empl Dedicated to Deli,DOUBLE,"Number(18, 0)",,TRUE,FALSE,FALSE,FALSE,FALSE,FALSE,FALSE,FALSE,FALSE,FALSE,FALSE,,,,0,18,0,,Number of employees currently dedicated to the deli operation,,,,00N1H00000GwswSUAR,Ankit Bahti,2018-09-08 17:03:10,Joanne Stamper,2018-09-14 15:37:09,Deli Information (Edit),,Deli Information (Edit),Deli Information (Edit),Deli Information (Edit)
of_employees_usually_at_counter__c,# of Employees Usually At Counter,DOUBLE,"Number(18, 0)",,TRUE,FALSE,FALSE,FALSE,FALSE,FALSE,FALSE,FALSE,FALSE,FALSE,FALSE,,,,0,18,0,,Number of employees usually at the main counter,,,,00N1H00000GwsTFUAZ,Ankit Bahti,2018-09-07 09:34:45,Joanne Stamper,2018-09-13 12:22:13,General Store Information (Edit),,General Store Information (Edit),General Store Information (Edit),General Store Information (Edit)
of_Factories_within_3_milesa__c,# of Factories Within 3 Miles,DOUBLE,"Number(18, 0)",,TRUE,FALSE,FALSE,FALSE,FALSE,FALSE,FALSE,FALSE,FALSE,FALSE,FALSE,,,,0,18,0,,Number of factories within 3 miles of the store,,,,00N1H00000GwsR9UAJ,Ankit Bahti,2018-09-07 08:14:59,Chris Sirosky,2018-09-18 21:15:46,General Town Information (Required),,General Town Information (Required),General Town Information (Required),General Town Information (Required)
of_POS__c,# of POS,STRING,Text(20),Enter the number of POS the store has available.,TRUE,FALSE,FALSE,FALSE,FALSE,FALSE,FALSE,FALSE,FALSE,FALSE,FALSE,,,,20,0,0,,Enter the number of POS the store has available.,,,,00N1H00000HMRcAUAX,Stephanie Thacker,2021-06-07 16:45:29,Stephanie Thacker,2021-06-07 16:45:29,Account Information (Edit),Account Information (Edit),,,
of_Schools_within_3_miles__c,# of Schools Within 3 Miles,DOUBLE,"Number(18, 0)",,TRUE,FALSE,FALSE,FALSE,FALSE,FALSE,FALSE,FALSE,FALSE,FALSE,FALSE,,,,0,18,0,,Number of schools within 3 miles of the store,,,,00N1H00000GwsREUAZ,Ankit Bahti,2018-09-07 08:17:23,Chris Sirosky,2018-09-18 21:16:19,General Town Information (Required),,General Town Information (Required),General Town Information (Required),General Town Information (Required)
of_years_owner_s_has_owned_location__c,# of Years Owner(s) Has Owned Location,DOUBLE,"Number(18, 0)",,TRUE,FALSE,FALSE,FALSE,FALSE,FALSE,FALSE,FALSE,FALSE,FALSE,FALSE,,,,0,18,0,,Number of years the owner(s) have owned the store,,,,00N1H00000GwsSRUAZ,Ankit Bahti,2018-09-07 09:27:51,Chris Sirosky,2018-09-20 15:03:05,General Store Information (Required),,General Store Information (Edit),General Store Information (Edit),General Store Information (Edit)
of_years_owner_s_has_run_store__c,# of Years Owner(s) Has Run Store,DOUBLE,"Number(18, 0)",,TRUE,FALSE,FALSE,FALSE,FALSE,FALSE,FALSE,FALSE,FALSE,FALSE,FALSE,,,,0,18,0,,Number of years owner/manager has been running the store,,,,00N1H00000GwsSWUAZ,Ankit Bahti,2018-09-07 09:28:58,Chris Sirosky,2018-09-20 15:03:18,General Store Information (Required),,General Store Information (Edit),General Store Information (Edit),General Store Information (Edit)
Oldest_Late_Invoice__c,Oldest Late Invoice,DATE,Roll-Up Summary (MIN Invoice),,TRUE,FALSE,FALSE,FALSE,TRUE,FALSE,FALSE,FALSE,FALSE,FALSE,FALSE,,,,0,0,0,,Due Date of oldest Late Invoice,,,,00N1H00000HAYDxUAP,Mark McCarthy,2020-01-27 23:04:35,Mark McCarthy,2022-07-08 21:03:29,,,Account Information (Readonly),,
OLO_Link__c,OLO Link,URL,URL(255),Online Ordering Link,TRUE,FALSE,FALSE,FALSE,FALSE,FALSE,FALSE,FALSE,FALSE,FALSE,FALSE,,,,255,0,0,,Online Ordering Link,,,,00N5c00000Idos5EAB,Stephanie Thacker,2022-03-08 13:23:44,Stephanie Thacker,2022-03-08 13:23:44,Account Information (Edit),Account Information (Edit),Digital Consumer Experience (Edit),Digital Consumer Experience (Edit),Digital Consumer Experience (Edit)
OperatingHoursId,Operating Hour ID,LOOKUP (OperatingHours),Lookup(Operating Hours),,FALSE,FALSE,FALSE,FALSE,FALSE,FALSE,FALSE,FALSE,FALSE,TRUE,FALSE,,,,18,0,0,,,,,OperatingHours,,,,,,,,,,
Order_Count__c,Order Count,DOUBLE,Roll-Up Summary (COUNT Order),Number of Orders associated with this Account.,TRUE,FALSE,FALSE,FALSE,TRUE,FALSE,FALSE,FALSE,FALSE,FALSE,FALSE,,,,0,18,0,,Total number of Orders associated with this Account.,,,,00N5c00000JWwhmEAD,Ginny Patrick,2023-03-13 16:13:05,Ginny Patrick,2023-03-13 16:13:05,Roll-Up Summary Information (Readonly),Roll-Up Summary Information (Readonly),Roll-Up Summary Information (Readonly),Roll-Up Summary Information (Readonly),Roll-Up Summary (Readonly)
Other_Brand__c,Other Brand,STRING,Text(30),,TRUE,FALSE,FALSE,FALSE,FALSE,FALSE,FALSE,FALSE,FALSE,FALSE,FALSE,,,,30,0,0,,Name of gasoline brand if Other is selected in the previous field.,,,,00N1H00000GwsRiUAJ,Ankit Bahti,2018-09-07 08:31:07,Joanne Stamper,2018-09-13 12:37:47,General Store Information (Edit),,General Store Information (Edit),General Store Information (Edit),General Store Information (Edit)
Other_Business_Type__c,Other Business Type,STRING,Text(30),,TRUE,FALSE,FALSE,FALSE,FALSE,FALSE,FALSE,FALSE,FALSE,FALSE,FALSE,,,,30,0,0,,"Please specify ""other"" Business Type not listed above.",,,,00N1H00000Gx4UBUAZ,Joanne Stamper,2018-09-19 00:41:56,Joanne Stamper,2018-09-19 00:41:56,,,,,
Other_in_store_franchise_s__c,Other In-store Franchise(s),STRING,Text(40),,TRUE,FALSE,FALSE,FALSE,FALSE,FALSE,FALSE,FALSE,FALSE,FALSE,FALSE,,,,40,0,0,,Identify which franchise(s) are in the store.,,,,00N1H00000Gwt3iUAB,Ankit Bahti,2018-09-09 05:54:38,Joanne Stamper,2018-09-13 17:38:07,Other Food Operation Information (Edit),,Other Food Operation Information (Edit),Other Food Operation Information (Edit),Other Food Operation Information (Edit)
Other_Pizza_Competitors__c,Other Pizza Competitors,MULTIPICKLIST,Picklist (Multi-Select),,TRUE,FALSE,FALSE,FALSE,FALSE,FALSE,FALSE,TRUE,FALSE,FALSE,FALSE,,,,4099,4,0,,Identify which competitor(s) are within the 3 mile driving area,,,,00N1H00000GwswmUAB,Ankit Bahti,2018-09-08 17:12:10,Joanne Stamper,2018-09-13 20:26:45,Other Food Operation Information (Edit),,Other Food Operation Information (Edit),Other Food Operation Information (Edit),Other Food Operation Information (Edit)
Other_Venue_Type__c,Other Venue Type,STRING,Text(30),,TRUE,FALSE,FALSE,FALSE,FALSE,FALSE,FALSE,FALSE,FALSE,FALSE,FALSE,,,,30,0,0,,"Please specify the ""other"" Special Venue Type not listed above.",,,,00N1H00000Gx4UGUAZ,Joanne Stamper,2018-09-19 00:43:22,Joanne Stamper,2018-09-19 00:43:22,Additional Account Information (Edit),,Additional Account Information (Edit),Additional Account Information (Edit),Additional Account Information (Edit)
Outdoor_Sign_Company_Required__c,Outdoor Sign Company Required?,PICKLIST,Picklist,,TRUE,FALSE,FALSE,FALSE,FALSE,FALSE,FALSE,TRUE,FALSE,FALSE,FALSE,,,,255,0,0,,,,,,00NUr000001SMpqMAG,Stephanie Thacker,2024-10-17 15:24:23,Stephanie Thacker,2024-10-17 15:24:23,Account Information (Edit),Account Information (Edit),Outside/Inside Signage (Edit),Outside/Inside Signage (Edit),Outside/Inside Signage (Edit)
Outdoor_Sign_Mount__c,Outdoor Sign Mount,PICKLIST,Picklist,,TRUE,FALSE,FALSE,FALSE,FALSE,FALSE,FALSE,TRUE,FALSE,FALSE,FALSE,,,,255,0,0,,,,,,00N5c00000JrXIUEA3,Stephanie Thacker,2024-06-27 14:02:29,Stephanie Thacker,2024-06-27 14:02:29,Account Information (Edit),Account Information (Edit),Outside/Inside Signage (Edit),Outside/Inside Signage (Edit),Outside/Inside Signage (Edit)
Outdoor_Sign_Type__c,Outdoor Sign Type,PICKLIST,Picklist,,TRUE,FALSE,FALSE,FALSE,FALSE,FALSE,FALSE,TRUE,FALSE,FALSE,FALSE,,,,255,0,0,,,,,,00N5c00000JrXIPEA3,Stephanie Thacker,2024-06-27 14:01:52,Stephanie Thacker,2024-06-27 14:01:52,Account Information (Edit),Account Information (Edit),Outside/Inside Signage (Edit),Outside/Inside Signage (Edit),Outside/Inside Signage (Edit)
Oven_Type__c,Oven Type,PICKLIST,Picklist,,TRUE,FALSE,FALSE,FALSE,FALSE,FALSE,FALSE,TRUE,FALSE,FALSE,FALSE,,,,255,0,0,,What type of oven does the VCP have or is purchasing?,,,,00N5c00000IdwRrEAJ,Stephanie Thacker,2022-03-14 13:33:36,Stephanie Thacker,2022-03-14 13:33:36,Account Information (Edit),Account Information (Edit),Additional Account Information (Required),Additional Account Information (Required),Additional Account Information (Required)
Owner_Commitment_Level__c,Owner Commitment Level,PICKLIST,Picklist,Level of commitment owner is showing to selling PWL products,TRUE,FALSE,FALSE,FALSE,FALSE,FALSE,FALSE,TRUE,FALSE,FALSE,FALSE,,,,255,0,0,,Level of commitment owner is showing to selling PWL products,,,,00N1H00000GwrgXUAR,Ankit Bahti,2018-09-06 14:00:09,Chris Sirosky,2018-09-18 21:15:14,Criteria Survey Information (Required),,Criteria Survey Information (Required),Criteria Survey Information (Required),Criteria Survey Information (Required)
OwnerId,Owner ID,LOOKUP (User),Lookup(User),,FALSE,FALSE,FALSE,TRUE,FALSE,FALSE,FALSE,FALSE,FALSE,TRUE,FALSE,,,,18,0,0,,,,,Owner,,,,,,Account Information (Edit),Account Information (Edit),Account Information (Edit),Account Information (Edit),Account Information (Edit)
Ownership,Ownership,PICKLIST,Picklist,,FALSE,FALSE,FALSE,FALSE,FALSE,FALSE,FALSE,FALSE,FALSE,FALSE,FALSE,,,,255,0,0,,,,,,,,,,,Account Information (Edit),Account Information (Edit),Account Information (Edit),Account Information (Edit),Account Information (Edit)
ParentId,Parent Account ID,LOOKUP (Account),Hierarchy,,FALSE,FALSE,FALSE,FALSE,FALSE,FALSE,FALSE,FALSE,FALSE,TRUE,FALSE,,,,18,0,0,,,,,Parent,,,,,,Account Information (Edit),Account Information (Edit),Account Information (Edit),Account Information (Edit),Account Information (Edit)
Partner_Net_Link__c,Partner Net Link,URL,URL(255),,TRUE,FALSE,FALSE,FALSE,FALSE,FALSE,FALSE,FALSE,FALSE,FALSE,FALSE,,,,255,0,0,,,,,,00N5c00000GCEI6EAP,Stephanie Thacker,2023-07-05 16:21:53,Stephanie Thacker,2023-07-05 16:21:53,Account Information (Edit),Account Information (Edit),Digital Consumer Experience (Edit),Digital Consumer Experience (Edit),Digital Consumer Experience (Edit)
Pay_at_the_Pump__c,Pay at the Pump,PICKLIST,Picklist,,TRUE,FALSE,FALSE,FALSE,FALSE,FALSE,FALSE,TRUE,FALSE,FALSE,FALSE,,,,255,0,0,,Does the store provide pay at the pump capabilities?,,,,00N1H00000GwsRxUAJ,Ankit Bahti,2018-09-07 09:14:22,Chris Sirosky,2018-09-18 17:04:51,General Store Information (Required),,General Store Information (Edit),General Store Information (Edit),General Store Information (Edit)
Payment_Terms__c,Payment Terms,STRING,Text(50),,TRUE,FALSE,FALSE,FALSE,FALSE,FALSE,FALSE,FALSE,FALSE,FALSE,FALSE,,,,50,0,0,,"Payment terms originally set for the account.  NOTE:  if this is different than related invoice payment terms, please alert the Sales Ops team!",,,,00N1H00000HAWVCUA5,Chris Sirosky,2020-01-20 17:21:58,Chris Sirosky,2020-01-20 17:21:58,Account Information (Edit),,Account Information (Edit),Account Information (Edit),Account Information (Edit)
Phone,Account Phone,PHONE,Phone,,FALSE,FALSE,FALSE,FALSE,FALSE,FALSE,FALSE,FALSE,FALSE,FALSE,TRUE,,,,40,0,0,,,,,,,,,,,Account Information (Required),Account Information (Required),Account Information (Required),Account Information (Required),Account Information (Required)
Phone_Only__c,Phone Only,BOOLEAN,Checkbox,,TRUE,FALSE,FALSE,TRUE,FALSE,FALSE,FALSE,FALSE,FALSE,FALSE,FALSE,,,,0,0,0,,,false,,,00N5c00000JrXwyEAF,Stephanie Thacker,2024-07-02 20:35:22,Stephanie Thacker,2024-07-02 20:35:22,Account Information (Edit),Account Information (Edit),Digital Consumer Experience (Edit),Digital Consumer Experience (Edit),Digital Consumer Experience (Edit)
PhotoUrl,Photo URL,URL,URL(255),,FALSE,FALSE,FALSE,FALSE,FALSE,FALSE,FALSE,FALSE,FALSE,FALSE,FALSE,,,,255,0,0,,,,,,,,,,,,,,,
Pizza_Competitors_Not_Listed__c,Pizza Competitors Not Listed,STRING,Text(30),,TRUE,FALSE,FALSE,FALSE,FALSE,FALSE,FALSE,FALSE,FALSE,FALSE,FALSE,,,,30,0,0,,"Please list ""other"" pizza competitors not listed above.",,,,00N1H00000Gx4ULUAZ,Joanne Stamper,2018-09-19 00:45:31,Joanne Stamper,2018-09-19 00:45:31,Other Food Operation Information (Edit),,Other Food Operation Information (Edit),Other Food Operation Information (Edit),Other Food Operation Information (Edit)
Pizza_Hours__c,Pizza Hours,TEXTAREA,Text Area(255),,TRUE,FALSE,FALSE,FALSE,FALSE,FALSE,FALSE,FALSE,FALSE,FALSE,FALSE,,,,255,0,0,,Hours pizza is being sold,,,,00N5c00000Ie0j3EAB,Stephanie Thacker,2022-03-16 20:14:22,Stephanie Thacker,2022-03-17 16:38:04,Account Information (Edit),Account Information (Edit),,,Digital Consumer Experience (Edit)
Pounds_per_week_of_wings_sold__c,Pounds Per Week of Wings Sold,DOUBLE,"Number(18, 0)",,TRUE,FALSE,FALSE,FALSE,FALSE,FALSE,FALSE,FALSE,FALSE,FALSE,FALSE,,,,0,18,0,,How many pounds per week of chicken wings are sold,,,,00N1H00000GwwjhUAB,Ankit Bahti,2018-09-11 09:28:36,Joanne Stamper,2018-09-13 12:40:51,Chicken Wing Information (Edit),,Chicken Wing Information (Edit),Chicken Wing Information (Edit),Chicken Wing Information (Edit)
Preferred_Additional_C_Store__c,Preferred Additional C-Store,STRING,Text(40),,TRUE,FALSE,FALSE,FALSE,FALSE,FALSE,FALSE,FALSE,FALSE,FALSE,FALSE,,,,40,0,0,,Comments related to Preferred Additional C-Store Location,,,,00N1H00000Gwrg8UAB,Ankit Bahti,2018-09-06 13:38:54,Joanne Stamper,2018-09-13 17:35:07,Additional Account Information (Edit),,Additional Account Information (Edit),Additional Account Information (Edit),Additional Account Information (Edit)
Preferred_Method_of_Contact__c,Preferred Method of Contact,PICKLIST,Picklist,How do they prefer to be contacted?,TRUE,FALSE,FALSE,FALSE,FALSE,FALSE,FALSE,TRUE,FALSE,FALSE,FALSE,,,,255,0,0,,How do they prefer to be contacted?,,,,00N1H00000HMRbbUAH,Stephanie Thacker,2021-06-07 16:29:31,Stephanie Thacker,2021-06-07 16:29:31,Account Information (Edit),Account Information (Edit),Digital Consumer Experience (Edit),Digital Consumer Experience (Edit),Digital Consumer Experience (Edit)
Project_Refresh__c,Project Refresh,PICKLIST,Picklist,,TRUE,FALSE,FALSE,FALSE,FALSE,FALSE,FALSE,TRUE,FALSE,FALSE,FALSE,,,,255,0,0,,,,,,00N5c00000JrRKWEA3,Stephanie Thacker,2024-04-15 14:57:32,Stephanie Thacker,2024-04-15 14:57:32,Account Information (Edit),Account Information (Edit),Outside/Inside Signage (Edit),Outside/Inside Signage (Edit),Outside/Inside Signage (Edit)
Promo_Code__c,Promo Code,STRING,Text(20),This field helps identify special accounts in GP.,TRUE,FALSE,FALSE,FALSE,FALSE,FALSE,FALSE,FALSE,FALSE,FALSE,FALSE,,,,20,0,0,,,,,,00N1H00000HBEZcUAP,Stephanie Thacker,2021-01-19 19:22:35,Stephanie Thacker,2021-01-19 19:22:35,Account Information (Edit),Account Information (Edit),Account Information (Edit),Account Information (Edit),Account Information (Edit)
Proposal_District__c,Proposal District,STRING,Text(255),,TRUE,FALSE,FALSE,FALSE,FALSE,FALSE,FALSE,FALSE,FALSE,FALSE,TRUE,,,,255,0,0,,,,,,00N1H00000HAi1YUAT,Josh Honeycutt,2020-04-09 19:07:48,Josh Honeycutt,2020-04-09 19:07:48,Additional Account Information (Edit),,Address Information (Edit),Address Information (Edit),Address Information (Edit)
Rating,z del Rating,PICKLIST,Picklist,,FALSE,FALSE,FALSE,FALSE,FALSE,FALSE,FALSE,FALSE,FALSE,FALSE,FALSE,,,,255,0,0,,,,,,,,,,,,,,,
RecordTypeId,Record Type ID,LOOKUP (RecordType),Record Type,,FALSE,FALSE,FALSE,FALSE,FALSE,FALSE,FALSE,FALSE,FALSE,TRUE,FALSE,,,,18,0,0,,,,,RecordType,,,,,,,,,,System Information (Edit)
Reference__c,Reference,LOOKUP (Contact),Lookup(Contact),,TRUE,FALSE,FALSE,FALSE,FALSE,FALSE,FALSE,FALSE,FALSE,TRUE,FALSE,,,,18,0,0,,"Name the contact associated, if this lead is a referral.",,,Reference__r,00N1H00000GwsQkUAJ,Ankit Bahti,2018-09-07 07:03:00,Joanne Stamper,2018-09-13 16:07:33,Additional Account Information (Edit),Additional Account Information (Edit),Additional Account Information (Edit),Additional Account Information (Edit),Additional Account Information (Edit)
Referred_by_TM__c,Referred by TM,TEXTAREA,Text Area(255),Referral by Team Member,TRUE,FALSE,FALSE,FALSE,FALSE,FALSE,FALSE,FALSE,FALSE,FALSE,FALSE,,,,255,0,0,,,,,,00N1H00000HB9DhUAL,Stephanie Thacker,2020-11-23 21:07:41,Stephanie Thacker,2023-09-05 16:17:33,Account Information (Edit),Account Information (Edit),Account Information (Edit),Account Information (Edit),Account Information (Edit)
Referred_by_TM_Email_Address__c,Referred by TM Email Address,EMAIL,Email,,TRUE,FALSE,FALSE,FALSE,FALSE,FALSE,FALSE,FALSE,FALSE,FALSE,FALSE,,,,80,0,0,,,,,,00N5c00000HUMGaEAP,Stephanie Thacker,2023-09-05 16:18:00,Stephanie Thacker,2023-09-05 16:18:00,Account Information (Edit),Account Information (Edit),Account Information (Edit),Account Information (Edit),Account Information (Edit)
Region__c,Region,STRING,Formula (Text),"Name of associated Sales Region, based on association to Regional District Assignment record.",TRUE,FALSE,FALSE,FALSE,TRUE,FALSE,FALSE,FALSE,FALSE,FALSE,FALSE,,,,1300,0,0,TEXT( Regional_District_Assignment__r.Region__c ),"Name of associated Sales Region, based on association of Counties to PWL Sales Districts.",,,,00N1H00000GxQJzUAN,Chris Sirosky,2018-10-09 19:35:43,Chris Sirosky,2018-10-09 19:35:43,Account Information (Readonly),,Address Information (Readonly),Address Information (Readonly),Address Information (Readonly)
Regional_District_Assignment__c,Regional District Assignment,LOOKUP (Regional_District_Assignment__c),Lookup(Regional District Assignment),Lookup to Regional District Assignment record,TRUE,FALSE,FALSE,FALSE,FALSE,FALSE,FALSE,FALSE,FALSE,TRUE,TRUE,,,,18,0,0,,"Lookup to Regional District Assignment record.  This drives the Region and District Assignment, as well as the associated County.",,,Regional_District_Assignment__r,00N1H00000GxQJQUA3,Chris Sirosky,2018-10-09 19:25:24,Chris Sirosky,2018-10-09 19:25:24,Account Information (Edit),,Address Information (Edit),Address Information (Edit),Address Information (Edit)
Register_Support_Contact_Cell__c,Register Support Contact Cell #,PHONE,Phone,What is the cell phone # of the register contact?,TRUE,FALSE,FALSE,FALSE,FALSE,FALSE,FALSE,FALSE,FALSE,FALSE,FALSE,,,,40,0,0,,What is the cell phone # of the register contact?,,,,00N1H00000HMRcUUAX,Stephanie Thacker,2021-06-07 16:52:23,Stephanie Thacker,2021-06-07 16:52:23,Account Information (Edit),Account Information (Edit),,,
Register_Support_Contact_Name__c,Register Support Contact Name,TEXTAREA,Long Text Area(32768),Who is the register support person?,TRUE,FALSE,FALSE,FALSE,FALSE,FALSE,FALSE,FALSE,FALSE,FALSE,FALSE,,,,32768,0,0,,Who is the register support person?,,,,00N1H00000HMRcPUAX,Stephanie Thacker,2021-06-07 16:51:08,Stephanie Thacker,2021-06-07 16:51:08,Account Information (Edit),Account Information (Edit),,,
Register_System_Type__c,Register System Type,PICKLIST,Picklist,What is the register system type?,TRUE,FALSE,FALSE,FALSE,FALSE,FALSE,FALSE,FALSE,FALSE,FALSE,FALSE,,,,255,0,0,,What is the register system type?,,,,00N1H00000HMPPhUAP,Stephanie Thacker,2021-04-13 17:58:48,Stephanie Thacker,2021-06-07 16:25:37,Account Information (Edit),Account Information (Edit),,,
Register_System_Type_Other__c,Register System Type - Other,TEXTAREA,Text Area(255),"If you chose ""other"", please list the register system type here.",TRUE,FALSE,FALSE,FALSE,FALSE,FALSE,FALSE,FALSE,FALSE,FALSE,FALSE,,,,255,0,0,,"If you chose ""other"", please list the register system type here.",,,,00N1H00000HMRcFUAX,Stephanie Thacker,2021-06-07 16:46:41,Stephanie Thacker,2021-06-07 16:46:41,Account Information (Edit),Account Information (Edit),,,
Registered_As__c,Registered As,PICKLIST,Picklist,,TRUE,FALSE,FALSE,FALSE,FALSE,FALSE,FALSE,TRUE,FALSE,FALSE,FALSE,,,,255,0,0,,Choose how the account is registered?,,,,00N1H00000Gxpo8UAB,Prem Achanti,2018-10-22 16:22:20,Prem Achanti,2018-10-22 16:22:20,Account Information (Edit),Account Information (Edit),Address Information (Edit),Address Information (Edit),Address Information (Edit)
Registered_As_Other__c,Registered As (Other),STRING,Text(255),,TRUE,FALSE,FALSE,FALSE,FALSE,FALSE,FALSE,FALSE,FALSE,FALSE,FALSE,,,,255,0,0,,Enter how Account is Registered.,,,,00N1H00000Gxpp1UAB,Prem Achanti,2018-10-22 16:40:21,Prem Achanti,2018-10-22 16:40:21,Account Information (Edit),Account Information (Edit),Address Information (Edit),Address Information (Edit),Address Information (Edit)
Registered_State__c,Registered State,PICKLIST,Picklist,,TRUE,FALSE,FALSE,FALSE,FALSE,FALSE,FALSE,TRUE,FALSE,FALSE,FALSE,,,,255,0,0,,Choose State where company is registered.,,,,00N1H00000GxpohUAB,Prem Achanti,2018-10-22 16:30:56,Prem Achanti,2018-10-22 16:30:56,Account Information (Edit),Account Information (Edit),Address Information (Edit),Address Information (Edit),Address Information (Edit)
Related_Inactive_Account__c,Related Inactive Account,LOOKUP (Account),Lookup(Account),Identifies related inactive account/store record.,TRUE,FALSE,FALSE,FALSE,FALSE,FALSE,FALSE,FALSE,FALSE,TRUE,FALSE,,,,18,0,0,,Identifies the inactive related store for this VCP.,,,Related_Inactive_Account__r,00N1H00000GxU9PUAV,Chris Sirosky,2018-10-11 15:13:57,Chris Sirosky,2018-10-11 17:14:26,Account Information (Edit),,Account Information (Edit),Account Information (Edit),Account Information (Edit)
Requires_More_Than_6ft_Ladder__c,Requires More Than 6ft Ladder,PICKLIST,Picklist,,TRUE,FALSE,FALSE,FALSE,FALSE,FALSE,FALSE,TRUE,FALSE,FALSE,FALSE,,,,255,0,0,,,,,,00N5c00000JrXIZEA3,Stephanie Thacker,2024-06-27 14:03:48,Stephanie Thacker,2024-06-27 14:03:48,Account Information (Edit),Account Information (Edit),Outside/Inside Signage (Edit),Outside/Inside Signage (Edit),Outside/Inside Signage (Edit)
Retail_revenue_for_wing_sales__c,Retail Revenue for Wing Sales,CURRENCY,"Currency(18, 0)",,TRUE,FALSE,FALSE,FALSE,FALSE,FALSE,FALSE,FALSE,FALSE,FALSE,FALSE,,,,0,18,0,,What is the annual retail revenue associated to chicken wing sales?,,,,00N1H00000Gwwj8UAB,Ankit Bahti,2018-09-11 09:09:51,Joanne Stamper,2018-09-27 13:57:28,Chicken Wing Information (Edit),,Chicken Wing Information (Edit),Chicken Wing Information (Edit),Chicken Wing Information (Edit)
Rolling_Average_Duration_Minutes__c,Rolling Average Duration (Minutes),DOUBLE,"Number(16, 2)","The rolling average duration of a stop at this account, over the past year.",TRUE,FALSE,FALSE,FALSE,FALSE,FALSE,FALSE,FALSE,FALSE,FALSE,FALSE,,,,0,18,2,,"The rolling average duration of a stop at this account, over the past year.",,,,00N1H00000HAoyJUAT,Mark McCarthy,2020-06-02 17:38:55,Mark McCarthy,2020-06-02 19:27:56,,,Address Information (Edit),,Address Information (Edit)
Rolling_Average_Invoice_Sales__c,Rolling Average Invoice Sales,CURRENCY,"Currency(10, 2)",,TRUE,FALSE,FALSE,TRUE,FALSE,FALSE,FALSE,FALSE,FALSE,FALSE,FALSE,,,,0,12,2,,Rolling 6 week average sales per invoice,,1000,,00N1H00000HAYCVUA5,Mark McCarthy,2020-01-27 23:04:32,Stephanie Thacker,2024-07-10 18:51:10,,,Account Information (Edit),,Account Information (Edit)
Rolling_Average_Pizza_Units__c,Rolling Average Pizza Units,DOUBLE,"Number(6, 0)",Sum of pizza unit sales / number of invoices over the reporting period.,TRUE,FALSE,FALSE,TRUE,FALSE,FALSE,FALSE,FALSE,FALSE,FALSE,FALSE,,,,0,6,0,,Sum of pizza unit sales / number of invoices over the reporting period.,,0,,00N1H00000HAdfIUAT,Mark McCarthy,2020-02-27 18:57:23,Mark McCarthy,2020-05-14 16:26:14,,,Account Information (Edit),,Account Information (Edit)
Rolling_Average_Wing_Units__c,Rolling Average Wing Units,DOUBLE,"Number(6, 0)",Sum of wing unit sales / number of invoices over the reporting period.,TRUE,FALSE,FALSE,TRUE,FALSE,FALSE,FALSE,FALSE,FALSE,FALSE,FALSE,,,,0,6,0,,Sum of wing unit sales / number of invoices over the reporting period.,,0,,00N1H00000HAdfJUAT,Mark McCarthy,2020-02-27 18:57:23,Mark McCarthy,2020-05-14 16:26:32,,,Account Information (Edit),,Account Information (Edit)
Route__c,Route #,STRING,Text(5),,TRUE,FALSE,FALSE,FALSE,FALSE,FALSE,FALSE,FALSE,FALSE,FALSE,FALSE,,,,5,0,0,,Route # associated with this Account/Store - contact Sales Operations to change the Route #.,,,,00N1H00000GxQeOUAV,Joanne Stamper,2018-10-10 11:40:38,Joanne Stamper,2018-10-10 12:00:33,Additional Account Information (Edit),Additional Account Information (Edit),Address Information (Edit),Address Information (Edit),Address Information (Edit)
Routed_in_SalesForce__c,Routed in SalesForce,PICKLIST,Picklist,,TRUE,FALSE,FALSE,FALSE,FALSE,FALSE,FALSE,TRUE,FALSE,FALSE,FALSE,,,,255,0,0,,,,,,00N1H00000HMPeNUAX,Stephanie Thacker,2021-04-21 14:51:35,Stephanie Thacker,2021-04-21 14:51:35,Additional Account Information (Edit),Additional Account Information (Edit),Address Information (Edit),Address Information (Edit),Address Information (Edit)
Sales_Specialist__c,Sales Specialist,STRING,Formula (Text),,TRUE,FALSE,FALSE,FALSE,TRUE,FALSE,FALSE,FALSE,FALSE,FALSE,FALSE,,,,1300,0,0,Regional_District_Assignment__r.Sales_Specialist__r.LastName,,,,,00N1H00000HMOnxUAH,Stephanie Thacker,2021-03-30 15:19:12,Stephanie Thacker,2021-03-30 15:19:12,Account Information (Readonly),,Address Information (Readonly),Address Information (Readonly),Address Information (Readonly)
Sales_Specialist_Reference__c,Sales Specialist Reference,STRING,Formula (Text),Reference for Pardot to see Sales Specialist,TRUE,FALSE,FALSE,FALSE,TRUE,FALSE,FALSE,FALSE,FALSE,FALSE,FALSE,,,,1300,0,0,"Regional_District_Assignment__r.Sales_Specialist__r.FirstName & "" "" & Regional_District_Assignment__r.Sales_Specialist__r.LastName",,,,,00N1H00000HMPrRUAX,Brian Himes,2021-04-26 05:18:26,Brian Himes,2021-04-26 05:18:26,Account Information (Readonly),Account Information (Readonly),Account Information (Readonly),Account Information (Readonly),Account Information (Readonly)
Sales_Specialist_Reference_Phone__c,Sales Specialist Reference Phone,STRING,Formula (Text),,TRUE,FALSE,FALSE,FALSE,TRUE,FALSE,FALSE,FALSE,FALSE,FALSE,FALSE,,,,1300,0,0,"if(left(Regional_District_Assignment__r.Sales_Specialist__r.MobilePhone, 1) == '+', right(Regional_District_Assignment__r.Sales_Specialist__r.MobilePhone, len(Regional_District_Assignment__r.Sales_Specialist__r.MobilePhone)-3), Regional_District_Assignment__r.Sales_Specialist__r.MobilePhone)",,,,,00N5c00000FV8qWEAT,Mark McCarthy,2021-09-21 15:20:39,Mark McCarthy,2021-10-08 18:36:59,,,,,
Sales_Tax_Percentage__c,Sales Tax Percentage,PERCENT,"Percent(10, 3)",,TRUE,FALSE,FALSE,FALSE,FALSE,FALSE,FALSE,FALSE,FALSE,FALSE,FALSE,,,,0,13,3,,Enter the appropriate sales tax percentage related to this store.,,,,00N1H00000Gx4TXUAZ,Joanne Stamper,2018-09-18 23:25:52,Joanne Stamper,2019-01-11 15:16:10,Account Information (Edit),,Account Information (Edit),Account Information (Edit),Account Information (Edit)
Saturday_Pizza_Hours__c,Saturday Pizza Hours,TEXTAREA,Text Area(255),,TRUE,FALSE,FALSE,FALSE,FALSE,FALSE,FALSE,FALSE,FALSE,FALSE,FALSE,,,,255,0,0,,,,,,00N5c00000JrP5HEAV,Stephanie Thacker,2024-01-04 15:10:35,Stephanie Thacker,2024-01-04 15:10:35,Account Information (Edit),,Store - Pizza Hours (Edit),Store - Pizza Hours (Edit),Store - Pizza Hours (Edit)
Saturday_Store_Hours__c,Saturday Store Hours,TEXTAREA,Text Area(255),,TRUE,FALSE,FALSE,FALSE,FALSE,FALSE,FALSE,FALSE,FALSE,FALSE,FALSE,,,,255,0,0,,,,,,00N5c00000JrP5IEAV,Stephanie Thacker,2024-01-04 15:10:35,Stephanie Thacker,2024-01-04 15:10:35,Account Information (Edit),,Store - Pizza Hours (Edit),Store - Pizza Hours (Edit),Store - Pizza Hours (Edit)
Scheduled_Service_Day__c,Scheduled Service Day,PICKLIST,Picklist,,TRUE,FALSE,FALSE,FALSE,FALSE,FALSE,FALSE,TRUE,FALSE,FALSE,FALSE,,,,255,0,0,,Scheduled Service Day associated with this Account/Store - contact Sales Operations to change the Scheduled Service Day.,,,,00N1H00000GxQeTUAV,Joanne Stamper,2018-10-10 11:43:15,Joanne Stamper,2018-10-10 11:59:50,Additional Account Information (Edit),Additional Account Information (Edit),Address Information (Edit),Address Information (Edit),Address Information (Edit)
Selling_Method__c,Selling Method,PICKLIST,Picklist,,TRUE,FALSE,FALSE,FALSE,FALSE,FALSE,FALSE,TRUE,FALSE,FALSE,FALSE,,,,255,0,0,,,,,,00N1H00000HMPPwUAP,Stephanie Thacker,2021-04-13 17:59:35,Stephanie Thacker,2021-06-07 16:26:39,Account Information (Edit),Account Information (Edit),,,
Service_Frequency__c,Service Frequency,PICKLIST,Picklist,,TRUE,FALSE,FALSE,FALSE,FALSE,FALSE,FALSE,TRUE,FALSE,FALSE,TRUE,,,,255,0,0,,Service Frequency associated with this Account/Store - contact Sales Operations to change the Service Frequency.,,,,00N1H00000GxQeYUAV,Joanne Stamper,2018-10-10 11:45:55,Joanne Stamper,2018-10-10 12:01:22,Additional Account Information (Edit),Additional Account Information (Edit),Address Information (Edit),Address Information (Edit),Address Information (Edit)
Service_Stop__c,Service Stop,STRING,Text(15),,TRUE,FALSE,FALSE,FALSE,FALSE,FALSE,FALSE,FALSE,FALSE,FALSE,FALSE,,,,15,0,0,,Service Stop associated with this Account/Store.  Contact Sales Operations to change the Service Stop.,,,,00N1H00000GxRM1UAN,Joanne Stamper,2018-10-10 13:11:51,Joanne Stamper,2018-10-10 13:11:51,Additional Account Information (Edit),Additional Account Information (Edit),Address Information (Edit),Address Information (Edit),Address Information (Edit)
ShippingAddress,Billing Address,ADDRESS,Address,,FALSE,FALSE,FALSE,FALSE,FALSE,FALSE,FALSE,FALSE,FALSE,FALSE,FALSE,,,,0,0,0,,,,,,,,,,,Address Information (Edit),Address Information (Edit),Address Information (Edit),Address Information (Edit),Address Information (Edit)
ShippingCity,Billing City,STRING,,,FALSE,FALSE,FALSE,FALSE,FALSE,FALSE,FALSE,FALSE,FALSE,FALSE,FALSE,,,,40,0,0,,,,,,,,,,,,,,,
ShippingCountry,Billing Country,STRING,,,FALSE,FALSE,FALSE,FALSE,FALSE,FALSE,FALSE,FALSE,FALSE,FALSE,FALSE,,,,80,0,0,,,,,,,,,,,,,,,
ShippingCountryCode,Billing Country Code,PICKLIST,,,FALSE,FALSE,FALSE,TRUE,FALSE,FALSE,FALSE,TRUE,FALSE,FALSE,FALSE,,,,10,0,0,,,US,,,,,,,,,,,,
ShippingGeocodeAccuracy,Shipping Geocode Accuracy,PICKLIST,,,FALSE,FALSE,FALSE,FALSE,FALSE,FALSE,FALSE,TRUE,FALSE,FALSE,FALSE,,,,40,0,0,,,,,,,,,,,,,,,
ShippingLatitude,Billing Latitude,DOUBLE,,,FALSE,FALSE,FALSE,FALSE,FALSE,FALSE,FALSE,FALSE,FALSE,FALSE,FALSE,,,,0,18,15,,,,,,,,,,,,,,,
ShippingLongitude,Billing Longitude,DOUBLE,,,FALSE,FALSE,FALSE,FALSE,FALSE,FALSE,FALSE,FALSE,FALSE,FALSE,FALSE,,,,0,18,15,,,,,,,,,,,,,,,
ShippingPostalCode,Billing Zip/Postal Code,STRING,,,FALSE,FALSE,FALSE,FALSE,FALSE,FALSE,FALSE,FALSE,FALSE,FALSE,FALSE,,,,20,0,0,,,,,,,,,,,,,,,
ShippingState,Billing State/Province,STRING,,,FALSE,FALSE,FALSE,FALSE,FALSE,FALSE,FALSE,FALSE,FALSE,FALSE,FALSE,,,,80,0,0,,,,,,,,,,,,,,,
ShippingStateCode,Billing State/Province Code,PICKLIST,,,FALSE,FALSE,FALSE,FALSE,FALSE,FALSE,TRUE,TRUE,FALSE,FALSE,FALSE,,,,10,0,0,,,,,,,,,,,,,,,
ShippingStreet,Billing Street,TEXTAREA,,,FALSE,FALSE,FALSE,FALSE,FALSE,FALSE,FALSE,FALSE,FALSE,FALSE,FALSE,,,,255,0,0,,,,,,,,,,,,,,,
Sic,z del SIC Code,STRING,Text(20),,FALSE,FALSE,FALSE,FALSE,FALSE,FALSE,FALSE,FALSE,FALSE,FALSE,FALSE,,,,20,0,0,,,,,,,,,,,,,,,
SicDesc,z del SIC Description,STRING,Text(80),,FALSE,FALSE,FALSE,FALSE,FALSE,FALSE,FALSE,FALSE,FALSE,FALSE,FALSE,,,,80,0,0,,,,,,,,,,,,,,,
Signage_Removed__c,Signage Removed?,PICKLIST,Picklist,"Identifies if Signage has been removed, in the event an account is deactivated.  Note a validation requires this to be updated if Type is set to De-activated.",TRUE,FALSE,FALSE,FALSE,FALSE,FALSE,FALSE,TRUE,FALSE,FALSE,FALSE,,,,255,0,0,,"Identifies if Signage has been removed, in the event an account is deactivated.",,,,00N1H00000GxyKJUAZ,Chris Sirosky,2018-10-26 19:29:04,Chris Sirosky,2018-10-26 19:29:04,Account Information (Edit),,Account Information (Edit),Account Information (Edit),Account Information (Edit)
Site,z del Account Site,STRING,Text(80),,FALSE,FALSE,FALSE,FALSE,FALSE,FALSE,FALSE,FALSE,FALSE,FALSE,FALSE,,,,80,0,0,,,,,,,,,,,,,,,
Site_Controller_Type__c,Site Controller Type,PICKLIST,Picklist,,TRUE,FALSE,FALSE,FALSE,FALSE,FALSE,FALSE,TRUE,FALSE,FALSE,FALSE,,,,255,0,0,,,,,,00N5c00000GR3koEAD,Stephanie Thacker,2021-06-24 17:35:00,Stephanie Thacker,2021-06-24 17:35:00,Account Information (Edit),Account Information (Edit),,,
sma__MAAssignmentRule__c,MapAnything Assignment Rule,LOOKUP (sma__MAAssignmentRule__c),Lookup(MapAnything Assignment Rule),,TRUE,FALSE,FALSE,FALSE,FALSE,FALSE,FALSE,FALSE,FALSE,TRUE,FALSE,,,,18,0,0,,,,,sma__MAAssignmentRule__r,00N1H00000GZtCqUAL,Stephanie Thacker,2019-05-02 20:12:22,Stephanie Thacker,2019-05-02 20:12:22,,,,,
Special_Venue_Type__c,Special Venue Type,PICKLIST,Picklist,PWL definition of special venue type,TRUE,FALSE,FALSE,FALSE,FALSE,FALSE,FALSE,TRUE,FALSE,FALSE,FALSE,,,,255,0,0,,PWL definition of special venue type,,,,00N1H00000GwreqUAB,Ankit Bahti,2018-09-06 12:57:57,Joanne Stamper,2018-09-13 20:27:56,Additional Account Information (Edit),,Additional Account Information (Edit),Additional Account Information (Edit),Additional Account Information (Edit)
State_Registration_ID__c,State Registration ID,STRING,Text(255),,TRUE,FALSE,FALSE,FALSE,FALSE,FALSE,FALSE,FALSE,FALSE,FALSE,FALSE,,,,255,0,0,,"Enter State Registration, Sellers Permit, or ID Number of Purchase.",,,,00N1H00000GxpomUAB,Prem Achanti,2018-10-22 16:31:42,Prem Achanti,2018-10-22 16:32:15,Account Information (Edit),Account Information (Edit),Account Information (Edit),Account Information (Edit),Account Information (Edit)
Static_Menu_Link__c,Static Menu Link,URL,URL(255),,TRUE,FALSE,FALSE,FALSE,FALSE,FALSE,FALSE,FALSE,FALSE,FALSE,FALSE,,,,255,0,0,,,,,,00N5c00000JrasfEAB,Stephanie Thacker,2024-07-16 18:25:14,Stephanie Thacker,2024-07-16 18:25:14,Account Information (Edit),Account Information (Edit),Digital Consumer Experience (Edit),Digital Consumer Experience (Edit),Digital Consumer Experience (Edit)
Store_Sold_New_Owner_Opts_Out_of_HBP__c,Store Sold-New Owner Opts Out Reasons,PICKLIST,Picklist,"Dependent picklist values for ""Store Sold-New Owner Opts Out of HBP"" Account Inactive reasons.",TRUE,FALSE,FALSE,FALSE,FALSE,FALSE,TRUE,TRUE,FALSE,FALSE,FALSE,,,,255,0,0,,"Please give specific account inactive  - ""Store Sold-New Owner Opts Out of HBP"" reasons.",,,,00N1H00000GxGCAUA3,Joanne Stamper,2018-09-25 18:05:33,Joanne Stamper,2018-09-25 18:16:20,Additional Account Information (Edit),Additional Account Information (Edit),Additional Account Information (Edit),Additional Account Information (Edit),Additional Account Information (Edit)
Sunday_Pizza_Hours__c,Sunday Pizza Hours,TEXTAREA,Text Area(255),,TRUE,FALSE,FALSE,FALSE,FALSE,FALSE,FALSE,FALSE,FALSE,FALSE,FALSE,,,,255,0,0,,,,,,00N5c00000JrP5JEAV,Stephanie Thacker,2024-01-04 15:10:35,Stephanie Thacker,2024-01-04 15:10:35,Account Information (Edit),,Store - Pizza Hours (Edit),Store - Pizza Hours (Edit),Store - Pizza Hours (Edit)
Sunday_Store_Hours__c,Sunday Store Hours,TEXTAREA,Text Area(255),,TRUE,FALSE,FALSE,FALSE,FALSE,FALSE,FALSE,FALSE,FALSE,FALSE,FALSE,,,,255,0,0,,,,,,00N5c00000JrP5KEAV,Stephanie Thacker,2024-01-04 15:10:35,Stephanie Thacker,2024-01-04 15:10:35,Account Information (Edit),,Store - Pizza Hours (Edit),Store - Pizza Hours (Edit),Store - Pizza Hours (Edit)
SystemModstamp,System Modstamp,DATETIME,Date/Time,,FALSE,FALSE,FALSE,TRUE,FALSE,FALSE,FALSE,FALSE,FALSE,TRUE,FALSE,,,,0,0,0,,,,,,,,,,,,,,,
Territory__c,Territory Assignment,PICKLIST,Picklist,,TRUE,FALSE,FALSE,FALSE,FALSE,FALSE,FALSE,TRUE,FALSE,FALSE,FALSE,,,,255,0,0,,What is the Territory Assignment for this account.,,,,00N1H00000Gy13FUAR,Chris Sirosky,2018-11-01 22:07:17,Chris Sirosky,2018-11-01 22:07:17,Account Information (Edit),,Address Information (Edit),Address Information (Edit),Address Information (Edit)
Thursday_Pizza_Hours__c,Thursday Pizza Hours,TEXTAREA,Text Area(255),,TRUE,FALSE,FALSE,FALSE,FALSE,FALSE,FALSE,FALSE,FALSE,FALSE,FALSE,,,,255,0,0,,,,,,00N5c00000JrP5LEAV,Stephanie Thacker,2024-01-04 15:10:35,Stephanie Thacker,2024-01-04 15:10:35,Account Information (Edit),,Store - Pizza Hours (Edit),Store - Pizza Hours (Edit),Store - Pizza Hours (Edit)
Thursday_Store_Hours__c,Thursday Store Hours,TEXTAREA,Text Area(255),,TRUE,FALSE,FALSE,FALSE,FALSE,FALSE,FALSE,FALSE,FALSE,FALSE,FALSE,,,,255,0,0,,,,,,00N5c00000JrP5MEAV,Stephanie Thacker,2024-01-04 15:10:35,Stephanie Thacker,2024-01-04 15:10:35,Account Information (Edit),,Store - Pizza Hours (Edit),Store - Pizza Hours (Edit),Store - Pizza Hours (Edit)
TickerSymbol,z del Ticker Symbol,STRING,Content(20),,FALSE,FALSE,FALSE,FALSE,FALSE,FALSE,FALSE,FALSE,FALSE,FALSE,FALSE,,,,20,0,0,,,,,,,,,,,,,,,
Tier,Einstein Account Tier,STRING,,,FALSE,FALSE,FALSE,FALSE,FALSE,FALSE,FALSE,FALSE,FALSE,FALSE,FALSE,,,,2,0,0,,,,,,,,,,,,,,,
Tier_Calculation__c,Tier Calculation,PICKLIST,Picklist,,TRUE,FALSE,FALSE,FALSE,FALSE,FALSE,FALSE,TRUE,FALSE,FALSE,FALSE,,,,255,0,0,,PWL Tier Level for this store.,,,,00N1H00000GwzBOUAZ,Ankit Bahti,2018-09-13 09:30:47,Chris Sirosky,2018-09-18 21:18:12,Address Information (Required),Address Information (Required),Address Information (Required),Address Information (Required),Address Information (Required)
Time_Zone__c,Time Zone,PICKLIST,Picklist,What time zone are they in?,TRUE,FALSE,FALSE,FALSE,FALSE,FALSE,FALSE,TRUE,FALSE,FALSE,FALSE,,,,255,0,0,,What time zone are they in?,,,,00N1H00000HMRbgUAH,Stephanie Thacker,2021-06-07 16:31:35,Stephanie Thacker,2021-06-07 16:31:35,Account Information (Edit),Account Information (Edit),Digital Consumer Experience (Edit),Digital Consumer Experience (Edit),Digital Consumer Experience (Edit)
TM_Referral_Date_Paid__c,TM Referral Date Paid,DATE,Date,,TRUE,FALSE,FALSE,FALSE,FALSE,FALSE,FALSE,FALSE,FALSE,FALSE,FALSE,,,,0,0,0,,,,,,00N5c00000JrEBFEA3,Stephanie Thacker,2023-09-25 14:10:02,Stephanie Thacker,2023-09-25 14:10:02,Account Information (Edit),Account Information (Edit),Account Information (Edit),Account Information (Edit),Account Information (Edit)
Total_Amount_of_Late_Invoices__c,Total Amount of Late Invoices,CURRENCY,Roll-Up Summary (SUM Invoice),,TRUE,FALSE,FALSE,FALSE,TRUE,FALSE,FALSE,FALSE,FALSE,FALSE,FALSE,,,,0,18,2,,Shows total amount of late invoices.  See Invoices related list for more details.,,,,00N1H00000HAYDyUAP,Mark McCarthy,2020-01-27 23:04:35,Mark McCarthy,2022-07-08 21:03:29,,,Account Information (Readonly),,Account Information (Readonly)
Total_Days_Arrears_for_Oldest_Invoice__c,Total Days Arrears for Oldest Invoice,DOUBLE,Formula (Number),,TRUE,FALSE,FALSE,FALSE,TRUE,FALSE,FALSE,FALSE,FALSE,FALSE,FALSE,,,,0,18,0,Today() -  Oldest_Late_Invoice__c,"Shows total days account has been in arrears for the oldest invoice (i.e., earliest unpaid invoice).",,,,00N1H00000HAYCWUA5,Mark McCarthy,2020-01-27 23:04:32,Mark McCarthy,2020-01-27 23:04:37,,,Account Information (Readonly),,Account Information (Readonly)
Total_Invoice_Count__c,Total Invoice Count,DOUBLE,Roll-Up Summary (COUNT Invoice),,TRUE,FALSE,FALSE,FALSE,TRUE,FALSE,FALSE,FALSE,FALSE,FALSE,FALSE,,,,0,18,0,,,,,,00N1H00000HBEYFUA5,Pete Schmitke,2021-01-18 21:24:06,Mark McCarthy,2022-07-08 21:03:29,,,,,
Total_Invoice_Pizza_Units__c,Total Invoice Pizza Units,DOUBLE,Roll-Up Summary (SUM Invoice),,TRUE,FALSE,FALSE,FALSE,TRUE,FALSE,FALSE,FALSE,FALSE,FALSE,FALSE,,,,0,5,0,,,,,,00N1H00000HBEYGUA5,Pete Schmitke,2021-01-18 21:24:06,Mark McCarthy,2022-07-08 21:03:29,,,,,
Total_Invoice_Wing_Units__c,Total Invoice Wing Units,DOUBLE,Roll-Up Summary (SUM Invoice),,TRUE,FALSE,FALSE,FALSE,TRUE,FALSE,FALSE,FALSE,FALSE,FALSE,FALSE,,,,0,18,0,,,,,,00N1H00000HBEYHUA5,Pete Schmitke,2021-01-18 21:24:06,Mark McCarthy,2022-07-08 21:03:29,,,,,
Total_Invoices_To_Date_USD__c,Total Invoices To Date (USD),CURRENCY,Roll-Up Summary (SUM Invoice),,TRUE,FALSE,FALSE,FALSE,TRUE,FALSE,FALSE,FALSE,FALSE,FALSE,FALSE,,,,0,10,2,,Total Dollar Number of Invoices,,,,00N1H00000HAYDzUAP,Mark McCarthy,2020-01-27 23:04:36,Mark McCarthy,2022-07-08 21:03:29,,,Account Information (Readonly),,Account Information (Readonly)
Total_Number_of_Late_Invoices__c,Total Number of Late Invoices,DOUBLE,Roll-Up Summary (COUNT Invoice),,TRUE,FALSE,FALSE,FALSE,TRUE,FALSE,FALSE,FALSE,FALSE,FALSE,FALSE,,,,0,18,0,,Shows Total Number of Late Invoices.  See Invoices related list for details.,,,,00N1H00000HAYE0UAP,Mark McCarthy,2020-01-27 23:04:36,Mark McCarthy,2022-07-08 21:03:29,,,Account Information (Readonly),,Account Information (Readonly)
Total_of_Pumps__c,Total # of Pumps,DOUBLE,"Number(18, 0)",,TRUE,FALSE,FALSE,FALSE,FALSE,FALSE,FALSE,FALSE,FALSE,FALSE,FALSE,,,,0,18,0,,Total number of gasoline pumps at the store,,,,00N1H00000GwsRnUAJ,Ankit Bahti,2018-09-07 08:35:37,Chris Sirosky,2018-09-18 17:04:26,General Store Information (Required),,General Store Information (Edit),General Store Information (Edit),General Store Information (Edit)
Total_Order_Value__c,Total Order Value,DOUBLE,Roll-Up Summary (SUM Order),The sum of all orders related to this Account.,TRUE,FALSE,FALSE,FALSE,TRUE,FALSE,FALSE,FALSE,FALSE,FALSE,FALSE,,,,0,12,2,,,,,,00N5c00000JWwhnEAD,Ginny Patrick,2023-03-13 16:13:05,Ginny Patrick,2023-03-13 16:13:05,Roll-Up Summary Information (Readonly),Roll-Up Summary Information (Readonly),Roll-Up Summary Information (Readonly),Roll-Up Summary Information (Readonly),Roll-Up Summary (Readonly)
Total_other_Locations_Owned__c,Total # Other Locations Owned,DOUBLE,"Number(18, 0)",Total number of locations owned related to lead.,TRUE,FALSE,FALSE,FALSE,FALSE,FALSE,FALSE,FALSE,FALSE,FALSE,FALSE,,,,0,18,0,,Total number of locations owned related to lead.,,,,00N1H00000GwrgcUAB,Ankit Bahti,2018-09-06 14:02:05,Chris Sirosky,2018-09-18 21:15:32,Criteria Survey Information (Required),,Criteria Survey Information (Required),Criteria Survey Information (Required),Criteria Survey Information (Required)
Total_Pizza_First_Year__c,Total Pizza First Year,DOUBLE,Roll-Up Summary (SUM Invoice),Total Pizza Units in this customer's first year.,TRUE,FALSE,FALSE,FALSE,TRUE,FALSE,FALSE,FALSE,FALSE,FALSE,FALSE,,,,0,5,0,,Total Pizza Units in this customer's first year.,,,,00N1H00000HBEYIUA5,Pete Schmitke,2021-01-18 21:24:07,Mark McCarthy,2022-07-08 21:03:29,,,,,
Total_Wings_First_Year__c,Total Wings First Year,DOUBLE,Roll-Up Summary (SUM Invoice),Total wings for this customer in their first year.,TRUE,FALSE,FALSE,FALSE,TRUE,FALSE,FALSE,FALSE,FALSE,FALSE,FALSE,,,,0,18,0,,Total wings for this customer in their first year.,,,,00N1H00000HBEYJUA5,Pete Schmitke,2021-01-18 21:24:07,Mark McCarthy,2022-07-08 21:03:29,,,,,
Town_Population__c,Town Population,DOUBLE,"Number(18, 0)",,TRUE,FALSE,FALSE,FALSE,FALSE,FALSE,FALSE,FALSE,FALSE,FALSE,FALSE,,,,0,18,0,,Population of town that the store serves,,,,00N1H00000GwsQzUAJ,Ankit Bahti,2018-09-07 08:05:18,Chris Sirosky,2018-09-20 15:26:39,General Town Information (Required),,General Town Information (Required),General Town Information (Required),General Town Information (Required)
Town_Population_within_City_Limits__c,Town Population Within City Limits,PICKLIST,Picklist,,TRUE,FALSE,FALSE,FALSE,FALSE,FALSE,FALSE,TRUE,FALSE,FALSE,FALSE,,,,255,0,0,,Is population of town that the store serves within City Limits,,,,00N1H00000GwsR4UAJ,Ankit Bahti,2018-09-07 08:06:57,Chris Sirosky,2018-09-20 15:26:54,General Town Information (Required),,General Town Information (Required),General Town Information (Required),General Town Information (Required)
Tuesday_Pizza_Hours__c,Tuesday Pizza Hours,TEXTAREA,Text Area(255),,TRUE,FALSE,FALSE,FALSE,FALSE,FALSE,FALSE,FALSE,FALSE,FALSE,FALSE,,,,255,0,0,,,,,,00N5c00000JrP5NEAV,Stephanie Thacker,2024-01-04 15:10:35,Stephanie Thacker,2024-01-04 15:10:35,Account Information (Edit),,Store - Pizza Hours (Edit),Store - Pizza Hours (Edit),Store - Pizza Hours (Edit)
Tuesday_Store_Hours__c,Tuesday Store Hours,TEXTAREA,Text Area(255),,TRUE,FALSE,FALSE,FALSE,FALSE,FALSE,FALSE,FALSE,FALSE,FALSE,FALSE,,,,255,0,0,,,,,,00N5c00000JrP5OEAV,Stephanie Thacker,2024-01-04 15:10:35,Stephanie Thacker,2024-01-04 15:10:35,Account Information (Edit),,Store - Pizza Hours (Edit),Store - Pizza Hours (Edit),Store - Pizza Hours (Edit)
Type,Account Type,PICKLIST,Picklist,,FALSE,FALSE,FALSE,TRUE,FALSE,FALSE,FALSE,FALSE,FALSE,FALSE,FALSE,,,,255,0,0,,Account type reflects the current status of the account - an account can be either a prospect or an active or inactive account (Store).,Prospect,,,,,,,,Additional Account Information (Required),Additional Account Information (Required),Account Information (Required),Account Information (Required),Account Information (Required)
UPC_PLU_Keys_Entered_in_System__c,UPC/PLU Keys Entered in System,PICKLIST,Picklist,Are the UPC/PLU Keys entered in their system?,TRUE,FALSE,FALSE,FALSE,FALSE,FALSE,FALSE,TRUE,FALSE,FALSE,FALSE,,,,255,0,0,,Are the UPC/PLU Keys entered in their system?,,,,00N1H00000HMRcjUAH,Stephanie Thacker,2021-06-07 16:53:41,Stephanie Thacker,2021-06-07 16:53:41,Account Information (Edit),Account Information (Edit),,,
Uploaded_to_Google__c,Uploaded to Google,PICKLIST,Picklist,,TRUE,FALSE,FALSE,FALSE,FALSE,FALSE,FALSE,FALSE,FALSE,FALSE,FALSE,,,,255,0,0,,,,,,00N5c00000JrPyyEAF,Stephanie Thacker,2024-02-12 18:54:11,Stephanie Thacker,2024-03-21 15:24:33,Account Information (Edit),Account Information (Edit),Store - Pizza Hours (Edit),Store - Pizza Hours (Edit),Store - Pizza Hours (Edit)
Verified_Latitude__c,Verified Latitude,DOUBLE,"Number(3, 15)",,TRUE,FALSE,FALSE,FALSE,FALSE,FALSE,FALSE,FALSE,FALSE,FALSE,FALSE,,,,0,18,15,,,,,,00N1H00000HAsnfUAD,Stephanie Thacker,2020-07-07 19:46:30,Stephanie Thacker,2020-07-07 19:46:30,Account Information (Edit),Account Information (Edit),Address Information (Edit),Address Information (Edit),Address Information (Edit)
Verified_Longitude__c,Verified Longitude,DOUBLE,"Number(3, 15)",,TRUE,FALSE,FALSE,FALSE,FALSE,FALSE,FALSE,FALSE,FALSE,FALSE,FALSE,,,,0,18,15,,,,,,00N1H00000HAsnkUAD,Stephanie Thacker,2020-07-07 19:47:01,Stephanie Thacker,2020-07-07 19:47:01,Account Information (Edit),Account Information (Edit),Address Information (Edit),Address Information (Edit),Address Information (Edit)
Voltage__c,Voltage,PICKLIST,Picklist,,TRUE,FALSE,FALSE,FALSE,FALSE,FALSE,FALSE,TRUE,FALSE,FALSE,FALSE,,,,255,0,0,,Choose voltage for this location.,,,,00N1H00000Gxng6UAB,Prem Achanti,2018-10-19 19:10:41,Prem Achanti,2018-10-19 19:10:41,Account Information (Edit),Account Information (Edit),Additional Account Information (Required),Additional Account Information (Required),Additional Account Information (Required)
Website,Website,URL,URL(255),,FALSE,FALSE,FALSE,FALSE,FALSE,FALSE,FALSE,FALSE,FALSE,FALSE,FALSE,,,,255,0,0,,Web URL for the account.,,,,,,,,,Account Information (Edit),Account Information (Edit),Account Information (Edit),Account Information (Edit),Account Information (Edit)
Wednesday_Pizza_Hours__c,Wednesday Pizza Hours,TEXTAREA,Text Area(255),,TRUE,FALSE,FALSE,FALSE,FALSE,FALSE,FALSE,FALSE,FALSE,FALSE,FALSE,,,,255,0,0,,,,,,00N5c00000JrP5PEAV,Stephanie Thacker,2024-01-04 15:10:35,Stephanie Thacker,2024-01-04 15:10:35,Account Information (Edit),,Store - Pizza Hours (Edit),Store - Pizza Hours (Edit),Store - Pizza Hours (Edit)
Wednesday_Store_Hours__c,Wednesday Store Hours,TEXTAREA,Text Area(255),,TRUE,FALSE,FALSE,FALSE,FALSE,FALSE,FALSE,FALSE,FALSE,FALSE,FALSE,,,,255,0,0,,,,,,00N5c00000JrP5QEAV,Stephanie Thacker,2024-01-04 15:10:35,Stephanie Thacker,2024-01-04 15:10:35,Account Information (Edit),,Store - Pizza Hours (Edit),Store - Pizza Hours (Edit),Store - Pizza Hours (Edit)
Wholesale_revenue_for_wing_sales__c,Wholesale Revenue for Wing Sales,CURRENCY,"Currency(18, 0)",,TRUE,FALSE,FALSE,FALSE,FALSE,FALSE,FALSE,FALSE,FALSE,FALSE,FALSE,,,,0,18,0,,What is the wholesale revenue associated to chicken wing sales?,,,,00N1H00000GwwjDUAR,Ankit Bahti,2018-09-11 09:15:15,Joanne Stamper,2018-09-13 12:43:23,Chicken Wing Information (Edit),,Chicken Wing Information (Edit),Chicken Wing Information (Edit),Chicken Wing Information (Edit)
X2nd_Outdoor_Sign_Mount__c,2nd Outdoor Sign Mount,PICKLIST,Picklist,,TRUE,FALSE,FALSE,FALSE,FALSE,FALSE,FALSE,TRUE,FALSE,FALSE,FALSE,,,,255,0,0,,,,,,00N5c00000JrXyGEAV,Stephanie Thacker,2024-07-03 18:43:13,Stephanie Thacker,2024-07-03 18:43:13,Account Information (Edit),Account Information (Edit),Outside/Inside Signage (Edit),Outside/Inside Signage (Edit),Outside/Inside Signage (Edit)
X2nd_Outdoor_Sign_Type__c,2nd Outdoor Sign Type,PICKLIST,Picklist,,TRUE,FALSE,FALSE,FALSE,FALSE,FALSE,FALSE,TRUE,FALSE,FALSE,FALSE,,,,255,0,0,,,,,,00N5c00000JrXy6EAF,Stephanie Thacker,2024-07-03 18:42:25,Stephanie Thacker,2024-07-03 18:42:25,Account Information (Edit),Account Information (Edit),Outside/Inside Signage (Edit),Outside/Inside Signage (Edit),Outside/Inside Signage (Edit)
